CD_ESTRUTURA_COMERCIAL;CD_DIA_CICLO;CD_SEMANA_CICLO;CD_CICLO;RB;PUNTOS
300000491;16;3;201703;64780.41;5045
300000950;10;2;201703;46223.55;2884
300000805;15;3;201706;40674.55;3257
300000950;18;3;201706;75772.55;5810
300000950;7;1;201707;76695.07;3807
300000951;20;3;201706;73514.12;5472
300000951;21;3;201503;43904.28;8135
300000443;17;3;201610;85476.86;8765
300000443;5;1;201607;8528.1;886
300000805;5;1;201607;3840.3;362
300000951;10;2;201802;30087.34;2154
300000491;;;201801;13522.8;1057
300000443;16;3;201803;66017.7;4194
300000950;16;3;201803;97253.13;5829
300000950;13;2;201708;69605.56;5779
300000805;20;3;201707;284090.52;21171
300000491;13;2;201708;43703.66;3798
300000950;16;3;201517;44771.29;5894
300000950;10;2;201503;20759.28;3900
300000951;15;3;201610;44760.66;4585
300000805;21;3;201609;151235.45;15261
300000491;8;2;201710;54208.6;4308
300000950;17;3;201705;100864.6;8065
300000491;22;4;201705;63699;5097
300000491;10;2;201706;10268;805
300000805;17;3;201706;87212.54;6773
300000491;16;3;201706;49338.48;4021
300000805;24;4;201505;69642.36;11581
300000491;;;201613;7146.55;619
300000443;2;1;201614;12637.11;1155
300000950;9;2;201505;5773.62;1018
300000805;15;3;201510;33912.3;5526
300000950;15;3;201510;49951.73;8321
300000950;27;4;201614;264670.13;25010
300000805;2;1;201702;19270;1799
300000951;8;2;201702;11317.91;1056
300000805;16;3;201707;62951.18;3887
300000443;21;3;201614;38078.25;3546
300000491;19;3;201712;33666.63;2587
300000951;16;3;201713;81494.54;5460
300000950;1;1;201701;32777.71;3538
300000805;3;1;201512;13703.17;2346
300000950;;;201613;2285.16;147
300000491;14;2;201502;58729.3;10460
300000950;13;2;201502;98617.36;16869
300000491;17;3;201716;90617.42;5832
300000950;9;2;201801;37511.01;2637
300001309;9;2;201717;34710.79;2430
300000443;14;2;201712;36556.97;2777
300000951;18;3;201712;36665.83;2954
300001309;18;3;201712;44157.17;3397
300000951;14;2;201712;43342.76;3206
300000443;7;1;201617;28896.89;2949
300000950;19;3;201705;74418.29;5845
300000491;1;1;201513;5854.21;779
300000950;21;3;201512;66765.81;10029
300000950;21;3;201715;224317.08;16406
300001309;14;2;201716;10938.68;729
300000950;10;2;201716;40041.43;2180
300000443;7;1;201608;17365.71;1742
300000491;2;1;201508;17364.55;2785
300000491;12;2;201601;8702.82;1284
300000805;14;2;201601;25621.53;4005
300000491;14;2;201603;45744.14;6663
300000805;16;3;201615;41157.87;4082
300000951;16;3;201614;29916.12;2451
300000491;12;2;201507;8641.73;1228
300000805;14;2;201516;37057.37;4923
300000950;12;2;201516;14639.68;1990
300001309;20;3;201803;121380.2;8901
300001309;11;2;201803;13790.7;952
300000951;18;3;201803;46783.37;3273
300001309;21;3;201803;84367.36;6651
300000443;7;1;201604;43576.18;4464
300000443;13;2;201613;49287.21;4194
300000805;19;3;201801;26580.22;1880
300001309;19;3;201707;47426.73;3155
300001309;21;3;201707;63836.72;4801
300000951;12;2;201708;25977.32;2428
300000491;12;2;201703;20304.55;1192
300000951;19;3;201703;53587.27;3981
300000491;14;2;201703;47108.2;3056
300000443;13;2;201703;24843.11;1935
300000491;7;1;201703;22865.7;1879
300000443;18;3;201608;18169.86;2111
300000805;;;201602;1381.94;221
300000951;2;1;201615;36954.05;3681
300000805;2;1;201615;4225.91;381
300000443;6;1;201702;32079.71;2928
300000805;24;4;201802;53074.81;3790
300000951;6;1;201703;15017.32;1207
300000491;2;1;201504;8357;1441
300000443;1;1;201502;31151.23;5492
300000443;20;3;201602;28699.54;3835
300000950;8;2;201508;28307.56;4427
300000491;8;2;201508;26448.92;4181
300000805;8;2;201508;16250.84;2856
300000805;28;4;201802;96409.48;6572
300000951;8;2;201714;27894.21;1888
300000951;11;2;201714;18267.6;1252
300000950;15;3;201515;36604.87;5505
300000491;16;3;201515;35748.36;5043
300000951;18;3;201608;25966.08;2682
300000491;9;2;201802;57267.12;4127
300000443;21;3;201705;74413.32;6019
300000491;8;2;201613;132230.41;6997
300000950;7;1;201717;83938.77;5431
300000443;6;1;201613;702773.58;33731
300000951;13;2;201613;37429.59;2969
300000805;1;1;201712;49530.88;3885
300000951;21;3;201712;195104.69;15396
300000443;8;2;201713;21426.02;1100
300000805;21;3;201712;43169.06;3434
300000950;17;3;201703;112394.15;8973
300000805;17;3;201704;33266.16;2710
300000443;8;2;201705;25784.1;2047
300000491;1;1;201706;10027.08;810
300000491;8;2;201607;18359.4;1742
300000950;3;1;201512;7455.91;1246
300000950;8;2;201613;828406.22;40384
300000491;10;2;201517;16855.93;2083
300000951;19;3;201517;17590.98;2198
300000951;18;3;201517;16165.63;2005
300000491;12;2;201517;20413.58;2631
300000443;11;2;201517;9340.73;1110
300000491;19;3;201615;36921.17;3663
300000805;10;2;201714;34849.41;2438
300000951;9;2;201613;59009.64;3406
300000491;3;1;201613;14774.63;1386
300000491;14;2;201716;39450.58;2362
300000950;17;3;201715;77734.67;5721
300000491;10;2;201515;24714.63;3444
300000950;6;1;201609;7049.54;712
300000491;22;4;201714;36740.73;2575
300000805;15;3;201714;51157.85;3654
300000491;15;3;201714;34436.32;2540
300000950;16;3;201701;38932.7;3991
300000491;14;2;201610;51063.7;5300
300000950;14;2;201610;82925.28;8496
300000805;14;2;201610;38086.14;3799
300000950;16;3;201705;98020.27;7717
300000950;23;4;201705;5966;486
300000443;14;2;201601;37768.4;5361
300000950;15;3;201505;21871.02;3767
300000950;13;2;201505;36187.12;6360
300000951;20;3;201714;11731.02;864
300000950;9;2;201617;92890.82;9209
300000950;10;2;201617;72059.41;6849
300000805;9;2;201601;5420.57;795
300000805;8;2;201705;33947.92;2619
300000951;17;3;201704;80529.74;6377
300000491;2;1;201617;26316.6;2637
300000951;10;2;201613;45856;3666
300000805;20;3;201704;7024.29;552
300000950;19;3;201712;66438.01;5170
300000951;10;2;201615;34498.82;3332
300000443;8;2;201615;35805.02;3440
300000443;15;3;201504;20393.25;4594
300000805;13;2;201704;47605.59;3864
300000443;13;2;201603;41827.8;6162
300000491;1;1;201714;22444.3;1674
300000491;16;3;201714;23803.57;1654
300000491;16;3;201802;16899.71;1213
300000805;4;1;201615;6230.52;599
300000443;31;5;201614;2416.4;278
300000805;14;2;201714;55084.99;3868
300000491;18;3;201714;18534.52;1345
300000491;10;2;201616;22044.87;1746
300000950;18;3;201616;60708.49;4711
300000491;19;3;201616;49738.86;3880
300000805;21;3;201607;140001.25;13557
300000491;21;3;201607;146805.49;13600
300000491;5;1;201603;26726.62;3981
300000443;5;1;201603;26719.21;3789
300000491;;;201602;2843.88;410
300000950;9;2;201611;21913.36;2037
300000950;17;3;201503;42525.28;7981
300000805;19;3;201503;15283.1;2792
300000951;9;2;201704;35938;2937
300000491;25;4;201703;3180.6;228
300000443;22;4;201703;189078.56;15306
300000443;16;3;201606;29750.52;3036
300000491;7;1;201715;29272.9;2127
300000443;13;2;201615;50452.11;4924
300000805;16;3;201517;23011.13;2975
300000951;1;1;201606;24421.5;2547
300000951;21;3;201605;77894.11;7868
300000491;13;2;201713;58527.49;4010
300000951;18;3;201711;40408.41;3243
300000951;14;2;201713;63061.21;3762
300000805;4;1;201608;10042.82;1023
300000805;5;1;201608;8285.41;913
300000491;21;3;201514;14382.6;2062
300000491;8;2;201803;33413.03;2266
300000805;19;3;201514;4047.87;602
300000491;22;4;201514;35674.41;4747
300000443;21;3;201612;142106.86;12872
300000443;8;2;201703;9485.3;718
300000951;14;2;201513;28835.62;2750
300000950;8;2;201513;18238.96;2102
300000443;2;1;201515;17861.61;2557
300000443;3;1;201515;20081.49;2755
300000443;4;1;201617;2647.11;247
300000805;5;1;201617;5672.41;537
300000951;19;3;201606;26089.73;2681
300000950;14;2;201617;243670.51;24060
300000951;7;1;201604;3089.06;356
300000951;8;2;201604;10672.52;1290
300000491;16;3;201513;35789.28;4130
300000443;16;3;201513;35176.43;3784
300001309;25;4;201714;19211.88;1421
300000443;20;3;201707;96955.48;7316
300000805;13;2;201707;127870.86;6844
300000951;7;1;201615;77965.59;6635
300000443;6;1;201615;53703.31;5068
300000950;16;3;201711;98568.47;7880
300000951;15;3;201709;85609;6947
300000443;18;3;201709;14290.58;1119
300000443;3;1;201710;14411.68;1020
300000805;10;2;201710;28223.7;2355
300000805;11;2;201603;6222.5;984
300000491;1;1;201514;30284.41;4212
300000491;6;1;201505;5020.16;751
300000950;2;1;201505;18612.74;1694
300000805;10;2;201616;24913.89;1964
300000805;11;2;201615;22385.64;2129
300000950;6;1;201502;23646.77;4320
300000951;14;2;201507;16670.28;2341
300000491;8;2;201507;8457.23;1253
300000443;15;3;201709;35030.79;2823
300000805;15;3;201707;88626.75;6008
300000950;6;1;201708;31032.18;2779
300000491;11;2;201705;15315.9;1192
300000950;2;1;201603;18595.57;2801
300000443;8;2;201610;28841.92;2928
300000443;7;1;201610;34346.32;3518
300000950;14;2;201611;82980.9;7638
300000491;14;2;201611;54048.99;4917
300000443;23;4;201702;53200.97;4659
300000950;15;3;201702;64552.36;5469
300000805;9;2;201603;16531.5;2510
300000491;9;2;201603;12910.02;1861
300000951;13;2;201606;31460.6;3173
300000491;11;2;201606;15292.8;1547
300000491;27;4;201514;37702.78;5300
300000443;25;4;201514;18663.77;2661
300000951;6;1;201515;12726.72;1876
300000491;1;1;201608;17509.23;1823
300000950;9;2;201616;102979.28;5468
300000950;10;2;201712;34054.87;2464
300001309;19;3;201802;7305.5;547
300000950;1;1;201713;25525.5;2085
300000950;20;3;201508;84067.39;13949
300000805;13;2;201705;9605.6;789
300000491;7;1;201708;27634.41;2636
300001309;13;2;201803;21025.21;1439
300000950;10;2;201707;24646.96;1747
300000491;15;3;201710;51873.05;4283
300000491;11;2;201710;13578.87;1119
300000950;17;3;201614;44348.89;3592
300000950;8;2;201706;25885.14;2050
300000491;19;3;201501;3918.47;751
300000950;20;3;201501;99563.83;18193
300000805;19;3;201501;7710.23;1468
300000805;7;1;201605;13311.95;1343
300000443;10;2;201717;27879.77;1717
300000443;25;4;201602;9804.6;1385
300000491;26;4;201602;3362.83;448
300000950;28;4;201602;35683.48;4982
300000491;21;3;201615;92371.22;8877
300000951;6;1;201606;7353.5;772
300000950;20;3;201605;164051.28;16477
300000491;20;3;201605;25252;2578
300000950;9;2;201803;38712.41;2707
300000805;12;2;201803;21199.51;1458
300000950;7;1;201714;58817.73;3966
300000443;16;3;201713;57888.7;3774
300000443;17;3;201713;40966.67;2683
300000951;8;2;201610;13526.6;1395
300000491;1;1;201610;34451.5;3577
300000443;1;1;201711;27592.72;2180
300000443;21;3;201710;35108.98;2741
300000951;21;3;201710;157435.95;12609
300000805;9;2;201613;32440.06;2397
300000805;20;3;201713;363500.72;26025
300000950;9;2;201715;34087.4;2416
300000950;13;2;201717;259795.81;18063
300000951;20;3;201716;261623.75;16042
300000443;20;3;201716;186951.84;11298
300000950;20;3;201610;158379.38;16154
300000443;21;3;201610;154613.04;15991
300000950;21;3;201610;128045.13;13223
300000491;2;1;201701;12302.23;1284
300000491;9;2;201611;23781.16;2183
300000950;23;4;201509;22792.16;3748
300000491;17;3;201509;17890.19;2808
300001309;1;1;201715;15760.7;1192
300000950;7;1;201504;25446.2;4482
300000443;6;1;201504;22620.05;3934
300000950;13;2;201514;120188.84;18298
300000443;12;2;201514;14782.23;2249
300000805;3;1;201709;15996.46;1244
300000805;16;3;201708;88464.91;7605
300000951;21;3;201715;152826.46;11212
300000805;8;2;201512;32700.93;5342
300000951;14;2;201512;18036.01;3060
300000491;9;2;201605;29848.05;3013
300000950;9;2;201605;30699.05;3087
300001309;5;1;201709;5335.3;426
300001309;4;1;201708;13057;1217
300001309;13;2;201710;18494;1477
300000951;13;2;201516;29784.06;3648
300000491;15;3;201604;27839.24;3394
300000951;1;1;201605;38560.25;3921
300000805;28;4;201509;103157.66;16392
300000491;3;1;201506;7952.17;1338
300000443;8;2;201602;31450;3936
300000950;13;2;201612;76250.3;6763
300000950;7;1;201702;28924.61;2653
300000491;21;3;201516;81960.91;10836
300000491;1;1;201517;35779.04;4732
300000951;18;3;201610;25076.02;2530
300000805;4;1;201614;5158.3;468
300001309;7;1;201717;42173.16;2748
300000805;6;1;201703;3531.58;295
300000950;1;1;201510;58326.81;10055
300000805;28;4;201602;9027.12;1318
300000951;11;2;201601;8626.11;1239
300000443;3;1;201601;3088.4;421
300000491;14;2;201617;133760.47;13085
300000951;21;3;201702;56589.13;4794
300000443;20;3;201606;129638.47;13324
300000443;3;1;201508;11614.18;1980
300000443;8;2;201709;16775.5;1345
300000805;7;1;201710;35649.07;2977
300000805;14;2;201707;60936.04;3559
300000491;7;1;201803;13645.8;972
300000805;3;1;201617;7843.12;594
300000805;4;1;201616;512198.81;23677
300001309;13;2;201714;137649.19;9537
300000950;16;3;201516;27974.19;3725
300000950;18;3;201516;18658.95;2065
300000491;19;3;201516;9768.29;1206
300000805;18;3;201516;34352.02;3853
300000443;15;3;201509;51457.2;7799
300000491;16;3;201509;29184.71;4061
300000443;;;201612;1256.5;117
300000443;;;201708;18644.02;1606
300000951;16;3;201706;63444.86;5136
300001309;16;3;201706;31027.97;2494
300000491;14;2;201802;137239.7;10114
300000951;14;2;201802;142650.17;10025
300001309;11;2;201802;17508.49;1301
300000491;20;3;201802;32332.8;2275
300000805;9;2;201608;15270.78;1619
300000443;8;2;201614;55144.98;4866
300000491;21;3;201609;83393.84;8342
300000443;20;3;201609;155878.63;15778
300000805;1;1;201616;17605.27;1618
300000491;5;1;201614;5829.58;561
300000443;22;4;201502;17445.46;3404
300001309;3;1;201706;7393.69;602
300000950;6;1;201512;10702.2;1743
300000443;6;1;201512;11121.81;1643
300000951;13;2;201512;11671.21;1926
300001309;19;3;201801;29401.95;2182
300000491;2;1;201602;10637.43;1424
300000443;17;3;201801;40312.8;3038
300000950;20;3;201710;252914.37;20832
300000805;18;3;201803;53114.36;3704
300000950;9;2;201717;50056.54;3332
300000950;2;1;201717;15919.29;894
300000951;17;3;201504;22481.17;3694
300000805;12;2;201504;8516.12;1443
300000950;10;2;201504;15330.12;2733
300000951;11;2;201603;11558.67;1638
300000950;3;1;201603;6586.95;1016
300000805;2;1;201701;15757.61;1731
300000491;17;3;201617;1663.2;193
300000491;3;1;201802;4156.41;303
300000443;9;2;201510;27943.12;4667
300000491;14;2;201604;33240.43;4079
300000950;13;2;201604;34691.17;4161
300000950;3;1;201612;15338.29;1452
300000951;10;2;201709;18814.65;1495
300001309;8;2;201707;14562.89;1107
300000951;25;4;201602;9915.93;1346
300000950;11;2;201506;37577.92;6269
300000491;7;1;201714;33473.38;2361
300000443;26;4;201714;43934.59;3235
300000951;10;2;201505;9323.1;1486
300000951;12;2;201505;2718.9;444
300000491;8;2;201505;3718;618
300000950;3;1;201505;7464.18;1291
300000950;13;2;201510;37071.38;5952
300000443;3;1;201506;12282.79;2005
300000951;23;4;201713;11705.06;774
300000443;28;4;201705;1379.9;81
300000950;13;2;201706;55710.06;4494
300000950;23;4;201502;16262.53;2918
300000951;16;3;201602;14565.8;2032
300000951;1;1;201612;16611.24;1510
300000951;12;2;201511;11367.93;1706
300000950;6;1;201511;21955.62;3705
300000805;7;1;201511;15796.81;2642
300000805;9;2;201517;30127.27;3987
300000443;12;2;201607;9222.01;775
300000951;19;3;201607;52085.49;4993
300000950;28;4;201514;104692.76;15506
300000443;9;2;201708;10534.92;835
300000950;22;4;201610;2478.4;279
300000443;14;2;201702;109998.12;10011
300000805;15;3;201702;60154.53;5114
300000950;20;3;201515;126080.55;17755
300000805;14;2;201511;72868.27;11540
300000951;12;2;201512;4659.56;751
300000950;1;1;201709;70657.77;5847
300000950;15;3;201708;110944.83;9676
300000951;7;1;201706;23119.92;1812
300000951;30;5;201614;26417.1;2486
300000805;19;3;201615;45808.08;4427
300000951;4;1;201616;2840.9;260
300000443;9;2;201609;26194.11;2639
300000951;8;2;201605;66885.5;6160
300000950;1;1;201605;102780.61;9542
300000443;2;1;201605;16117.01;1484
300000805;17;3;201504;27577.5;5230
300000950;16;3;201504;36976.45;9119
300000951;2;1;201505;6865.6;1221
300000443;18;3;201803;10082.96;739
300000491;14;2;201702;153828.48;13868
300000805;16;3;201604;14622.64;1730
300000951;2;1;201605;11740.1;1196
300000951;20;3;201501;46240.12;8398
300000443;10;2;201501;15219.49;2818
300000491;20;3;201702;10109.9;843
300000491;21;3;201502;14974.82;2848
300001309;5;1;201715;37505.6;1988
300000805;12;2;201705;5561.5;444
300000443;17;3;201702;41659.15;3440
300000805;25;4;201502;19091.04;3978
300000950;26;4;201502;24877.09;4923
300001309;18;3;201801;24780.3;1897
300000443;23;4;201514;34726.5;4919
300000805;14;2;201602;77473.02;9749
300000950;18;3;201517;20783.92;2527
300000443;11;2;201617;24371.74;2430
300000443;16;3;201603;69094.99;10115
300000950;19;3;201707;50493.9;3640
300000443;11;2;201707;6949.4;525
300001309;15;3;201708;46034.06;3862
300000950;8;2;201709;22530.36;1852
300000951;26;4;201509;24601.04;3727
300000950;19;3;201509;20329.03;3230
300000443;19;3;201509;8663.35;1355
300000491;19;3;201509;9360.19;1376
300000951;10;2;201611;29697.33;2555
300000805;18;3;201601;35820.25;5116
300000950;17;3;201601;41726.09;6071
300000950;12;2;201605;28178.1;2866
300000443;11;2;201712;3408.8;253
300000805;1;1;201609;29510.21;3054
300000951;17;3;201709;68140.89;5443
300000491;17;3;201709;81463.39;6665
300000950;5;1;201507;2637.01;392
300000443;20;3;201714;5951.3;436
300000951;9;2;201707;31158.75;2194
300000443;16;3;201708;58411.42;5126
300000951;17;3;201708;59160.82;4960
300001309;17;3;201708;58459.17;5026
300000491;8;2;201510;34161.51;5565
300000950;3;1;201803;13725.51;936
300000805;6;1;201708;17235.05;1551
300000805;9;2;201610;10699.7;1120
300000805;11;2;201702;39350;3537
300000950;16;3;201605;49688.86;5144
300000805;15;3;201507;14634.96;2156
300000491;10;2;201516;13444.88;1751
300000805;15;3;201605;32953.58;3336
300000491;6;1;201710;24721.71;1965
300000950;10;2;201604;16221.28;1813
300000491;2;1;201517;10472.51;1305
300000491;11;2;201610;10111.1;999
300000950;1;1;201601;58048.21;8827
300000443;27;4;201502;54842.83;10673
300000805;27;4;201502;7106.24;1457
300000443;10;2;201508;10624.03;1649
300000951;22;4;201706;4541.7;343
300000443;1;1;201503;17709.88;3285
300000491;2;1;201503;7897.82;1467
300000950;30;5;201502;1560.25;376
300000951;5;1;201802;6218.71;473
300000491;12;2;201515;7482.89;1061
300000443;18;3;201508;10794.02;1810
300000951;5;1;201509;6606.25;1016
300000805;18;3;201509;19789.98;3162
300000951;25;4;201509;15810.81;2388
300000951;11;2;201602;3093.56;410
300000443;5;1;201602;10841.67;1434
300000950;11;2;201711;6205.2;498
300000951;15;3;201711;22844.82;1869
300000443;13;2;201513;53336.55;5734
300000950;13;2;201513;35479.8;4071
300000805;15;3;201513;25763.7;2551
300000443;11;2;201513;4570.9;483
300001309;16;3;201710;37875.14;3244
300000951;12;2;201709;29800.69;2461
300000491;16;3;201612;128297.17;11493
300000950;17;3;201612;82087.63;7358
300000443;4;1;201803;2059.41;122
300000491;17;3;201608;49036.57;5265
300000805;17;3;201608;22447.23;2505
300000950;14;2;201616;40943.67;3237
300000950;13;2;201616;16244.91;1228
300000443;12;2;201704;39853.3;2948
300000491;7;1;201604;16298.24;1953
300000491;18;3;201710;17370.21;1462
300001309;18;3;201710;26309.28;2234
300000443;15;3;201714;12944.71;961
300000950;19;3;201604;63010.88;7739
300000491;9;2;201701;28113.46;2813
300000491;5;1;201516;6924.67;919
300000951;4;1;201604;2891.83;359
300001309;7;1;201709;16055.06;1315
300000443;7;1;201709;5670.04;474
300000950;5;1;201709;4540.62;353
300000443;1;1;201705;42085.6;3360
300000951;13;2;201505;19291.24;3254
300000443;6;1;201505;18121.64;3135
300000951;19;3;201501;7116.18;1313
300000443;3;1;201509;11092.88;1665
300000951;10;2;201509;26996.75;4036
300000491;10;2;201514;21021.44;2954
300000950;11;2;201702;39531.67;3567
300000951;18;3;201702;13599.09;1066
300000951;5;1;201611;6324.09;553
300000951;11;2;201701;4500.76;472
300000491;18;3;201704;39428.56;3181
300001309;9;2;201713;23908.53;1500
300000491;8;2;201712;40068.81;2763
300000443;7;1;201516;25230.93;3380
300000443;2;1;201712;11008;848
300000443;7;1;201712;18436;1365
300000951;10;2;201503;17790.02;3382
300000491;19;3;201517;21391.29;2826
300000950;7;1;201515;29257.95;4137
300000443;4;1;201612;11026.08;1008
300000805;5;1;201612;2666.99;245
300000951;3;1;201502;1805.75;332
300000951;19;3;201605;14065.4;1421
300000951;21;3;201609;80547.93;8200
300000805;15;3;201609;44921.85;4616
300000443;5;1;201505;10428.8;1722
300001309;16;3;201712;29807.55;2255
300000805;9;2;201706;9066.89;719
300000491;18;3;201611;102117.3;9528
300000950;19;3;201611;32433.34;2909
300000491;20;3;201611;18792.91;1711
300000805;19;3;201611;20382.36;2015
300000951;18;3;201512;7770.36;1272
300000950;6;1;201507;60712.95;5006
300000805;16;3;201602;10541.2;1610
300000951;11;2;201516;2995.07;410
300000443;5;1;201516;6147.91;816
300000443;6;1;201617;34787.89;3477
300000951;18;3;201715;39878.72;2929
300000951;9;2;201802;35247.7;2611
300000443;5;1;201802;1749.3;127
300000950;4;1;201507;2113.73;329
300000805;12;2;201613;12100.01;880
300000491;13;2;201613;23623.57;1956
300000491;5;1;201801;10717.29;778
300000950;10;2;201801;55818.82;3473
300000951;5;1;201602;10959.92;1450
300000443;19;3;201601;26095.94;3944
300000443;20;3;201601;75170.61;11692
300000805;21;3;201601;74142.03;11146
300000491;19;3;201713;66206.27;4718
300000951;23;4;201712;10096.93;833
300000805;20;3;201606;15147.8;1571
300000951;11;2;201709;18214.23;1469
300001309;26;4;201714;22238.07;1664
300000805;31;5;201714;7147.11;517
300000950;17;3;201602;20342;2796
300000951;26;4;201602;11604.18;1631
300000491;18;3;201602;9896.34;1423
300000805;9;2;201511;21274.73;3531
300000951;9;2;201503;5789.1;1119
300000443;23;4;201509;27046.71;4248
300000951;4;1;201611;5274.49;513
300000491;6;1;201508;3423.49;505
300000951;30;5;201714;7116.6;511
300000950;4;1;201710;9928.29;679
300000805;16;3;201607;61862.92;5880
300000491;16;3;201607;53379.48;4983
300001309;1;1;201711;26210.71;1992
300000805;13;2;201502;10866.98;1925
300000951;;;201613;3705.68;233
300000951;16;3;201607;21596.61;2010
300000491;21;3;201517;63204.03;7563
300001309;6;1;201714;27208.7;1489
300001309;23;4;201802;20676.42;1446
300000491;25;4;201514;33515.93;4922
300000805;29;5;201509;1332.53;206
300000805;11;2;201803;10778.7;733
300000805;7;1;201712;26868;1891
300000805;18;3;201710;63761.59;5212
300000950;8;2;201612;46950.69;4058
300000805;13;2;201611;10500.52;976
300000805;14;2;201611;32242.34;3101
300000950;11;2;201710;15343.8;1274
300001309;20;3;201715;165046.19;12173
300001309;18;3;201715;33180.7;2508
300000443;18;3;201715;12625.11;896
300000491;15;3;201514;29105.3;4074
300000491;21;3;201510;75991.29;12490
300000491;18;3;201605;90094.45;9230
300000805;16;3;201617;4610.3;478
300000950;5;1;201708;9396.1;783
300000491;13;2;201604;10347.6;1213
300000950;19;3;201702;3854.76;334
300000950;7;1;201704;23840.77;1807
300000950;17;3;201701;51517.48;5650
300000950;19;3;201701;41962.98;4251
300001309;10;2;201709;10584.39;870
300000491;11;2;201605;29878.3;3025
300000950;2;1;201504;14882.58;2433
300000950;3;1;201504;13123.41;2097
300001309;12;2;201712;7036.28;499
300000443;4;1;201510;8267.95;1393
300000491;18;3;201614;40854.28;3428
300000951;23;4;201802;37678.92;2592
300000443;19;3;201713;12125.45;880
300000950;10;2;201611;38178.82;3571
300000443;7;1;201501;9841.78;1767
300000951;6;1;201615;9087.92;941
300000951;10;2;201604;24605.33;2905
300000805;12;2;201508;8745.16;1450
300000491;12;2;201508;5845.75;981
300000950;3;1;201502;20593.92;3695
300000443;14;2;201607;64183.53;6023
300000950;15;3;201717;18992.38;1299
300000491;10;2;201801;41029.09;2881
300000443;10;2;201801;18682.2;1318
300000443;17;3;201507;25641.95;3501
300000805;2;1;201606;15570.95;1576
300000805;12;2;201715;1809.5;158
300000491;16;3;201505;13596.58;2355
300000443;2;1;201802;3250.8;268
300000951;5;1;201613;6149.11;697
300000951;4;1;201713;1887.9;156
300000443;21;3;201606;165636.2;16824
300001309;17;3;201710;76531.45;6364
300000805;27;4;201509;10200.98;1633
300000805;8;2;201601;13304.46;1844
300000443;2;1;201512;12668.25;1934
300000951;6;1;201712;7239.88;529
300001309;6;1;201712;5578.79;450
300000950;7;1;201503;16250.95;2997
300000443;7;1;201503;9596.83;1884
300000951;15;3;201503;20099.37;3635
300000443;8;2;201503;25518.23;4931
300000491;1;1;201612;45574.56;4155
300000491;12;2;201504;9664.73;1697
300000805;8;2;201502;23854.86;3755
300000443;22;4;201503;1628.2;225
300000443;4;1;201604;9791.92;1161
300000443;23;4;201603;6808.25;741
300000443;5;1;201604;6085.98;646
300000805;18;3;201512;36109.84;4928
300000951;4;1;201515;2337.54;349
300000443;11;2;201711;11558.9;943
300000805;8;2;201612;26073.38;2363
300000951;17;3;201612;86140.04;7781
300000805;;;201710;9034.1;761
300000951;6;1;201507;34468.86;2930
300000805;11;2;201711;4348.6;348
300000443;6;1;201711;10104.9;807
300000491;4;1;201609;13362.26;1263
300000950;19;3;201609;48792.97;5025
300000950;19;3;201607;40492.25;3763
300000443;19;3;201607;47482.69;4345
300000950;2;1;201612;27995.59;2558
300000805;;;201716;2906.12;184
300000951;4;1;201707;2214.1;178
300000491;9;2;201706;10866.64;874
300001309;6;1;201708;9804.81;1045
300000491;3;1;201714;6270.9;467
300000491;15;3;201505;3073.2;533
300000491;29;5;201714;7933.83;595
300001309;1;1;201801;13272.35;992
300000805;3;1;201613;8629.59;795
300000491;11;2;201513;27633.64;2197
300000950;10;2;201513;28855.96;2854
300000805;12;2;201506;17810.24;2942
300000950;12;2;201506;44908.29;7293
300000951;14;2;201514;55972.95;8335
300000951;15;3;201514;15319.25;2176
300000443;8;2;201506;28914.05;4693
300000950;8;2;201506;36840.5;6114
300000805;12;2;201603;23771.63;3469
300000443;11;2;201606;10252.3;1077
300000951;4;1;201617;2472.4;225
300000491;2;1;201501;5272.48;1030
300000443;6;1;201501;14737.38;2768
300000805;8;2;201517;4284.13;551
300000805;5;1;201505;11737.91;1927
300000491;5;1;201505;6811.9;1207
300000805;1;1;201606;35671.2;3672
300000443;21;3;201605;87013.18;8597
300000805;3;1;201610;8326.56;874
300000950;2;1;201707;7387.82;607
300000950;19;3;201512;35929.9;5422
300000950;21;3;201517;63858.23;7762
300000951;8;2;201601;5816.07;837
300000805;3;1;201601;4470.19;619
300000950;21;3;201504;33877.19;6105
300000491;15;3;201508;44458.07;7155
300000805;10;2;201513;19463.41;1904
300000951;5;1;201517;6089.52;739
300000805;2;1;201514;15366.64;2250
300000491;3;1;201514;11900.43;1688
300000805;9;2;201506;9663.78;1455
300000491;7;1;201517;3982.62;544
300000491;19;3;201802;10838.2;761
300000950;4;1;201608;7261.26;952
300000951;17;3;201509;5268.29;864
300000443;2;1;201711;4089.8;327
300000950;5;1;201705;3292;264
300000951;24;4;201713;5144.78;458
300000443;18;3;201605;46750.5;4720
300000491;4;1;201706;2387;194
300000491;13;2;201608;8089.53;865
300000950;5;1;201711;8636.9;681
300000950;22;4;201706;1642.1;132
300000950;4;1;201501;13632.05;2369
300000951;12;2;201501;3165.07;553
300000443;12;2;201511;11566.22;1918
300000805;18;3;201507;31075.76;4484
300000491;2;1;201610;15292.64;1607
300001309;3;1;201717;4318.31;322
300000443;4;1;201605;15038.4;1428
300000950;3;1;201605;9784.7;975
300000491;4;1;201802;5022.61;379
300000805;8;2;201515;19870.54;2885
300000950;10;2;201803;30937;2117
300000805;21;3;201704;5077.52;418
300000951;3;1;201704;2077.6;170
300000805;19;3;201510;13373.69;2242
300000951;16;3;201501;2562.2;465
300000951;15;3;201501;5340.7;962
300000951;18;3;201504;12875.84;2150
300000491;16;3;201508;31218.22;4944
300000491;6;1;201702;4239.22;381
300000491;5;1;201702;2807;253
300000443;22;4;201712;14104.72;1106
300000951;12;2;201716;8471.06;519
300000950;9;2;201702;31583.71;2920
300000951;5;1;201515;1204.42;146
300000443;1;1;201513;3229.41;447
300000443;23;4;201706;1248.52;100
300000491;;;201702;11677.32;980
300000950;11;2;201701;7180.21;614
300000443;11;2;201701;7300.46;681
300000805;2;1;201601;7279.96;1020
300000950;22;4;201517;3275.72;455
300000443;22;4;201517;1416.43;201
300001309;4;1;201711;1937.1;162
300000951;11;2;201610;2927.6;335
300000491;5;1;201506;2154.04;306
300000443;17;3;201609;69189.76;7068
300000951;23;4;201609;1400.1;118
300000950;2;1;201514;23168.02;3502
300000443;9;2;201508;19915.51;3244
300001309;2;1;201803;3828.72;244
300000443;17;3;201617;1705.91;183
300000951;6;1;201603;2947.3;433
300001309;4;1;201802;1449;108
300000951;10;2;201710;20233.9;1800
300000805;;;201708;3136.3;245
300000950;19;3;201502;10039.75;1781
300000951;26;4;201502;5365.46;964
300000805;7;1;201517;11987.56;1629
300001309;4;1;201714;1854.3;138
300000950;31;5;201509;1378.13;5
300000805;19;3;201709;3885.04;327
300000950;23;4;201716;1263.5;93
300000950;18;3;201614;18191.51;1433
300000443;18;3;201614;15531.88;1212
300001309;17;3;201802;2769.4;206
300000443;15;3;201703;66607.59;4893
300000443;17;3;201703;78039.38;6300
300000491;18;3;201703;34627.54;2806
300000951;14;2;201703;39915.29;3211
300000491;21;3;201706;248857.35;19442
300001309;15;3;201706;20757.91;1690
300000491;6;1;201607;5119.6;520
300000443;10;2;201802;21712.9;1596
300000950;11;2;201714;28625.88;1957
300000491;11;2;201714;12328;871
300000951;28;4;201714;250208.62;18529
300000951;13;2;201708;48269.02;4408
300000491;8;2;201707;11339.43;771
300000491;16;3;201517;56936.52;7391
300000443;17;3;201517;36673.32;4533
300000951;2;1;201601;14129.24;2012
300000443;16;3;201512;35462.34;5099
300000805;11;2;201503;11618.54;2198
300000950;11;2;201503;7026.72;1424
300000491;12;2;201503;2228.72;383
300000443;13;2;201503;20079.5;3834
300000491;7;1;201610;25110.16;2562
300000951;21;3;201512;44875.66;6923
300000443;14;2;201512;46641.53;7163
300000443;17;3;201705;98792.82;7864
300000443;14;2;201706;60080.32;4784
300000950;16;3;201706;76177.11;6161
300000950;19;3;201505;91766.14;15503
300000443;18;3;201505;28237.87;4948
300000950;1;1;201614;39073.76;3512
300000950;10;2;201505;8524.66;1518
300000950;14;2;201510;50644.06;8170
300000443;6;1;201704;58717.75;4140
300000951;2;1;201705;12405.38;987
300000951;19;3;201704;41274.67;3365
300000950;15;3;201704;28304.71;2488
300000950;16;3;201716;62102.25;3893
300000491;13;2;201716;112615.63;6163
300000950;11;2;201713;25608.08;1954
300000950;11;2;201609;35317.42;3471
300000443;21;3;201616;118137.05;8851
300000805;3;1;201513;198792.02;11794
300000805;4;1;201513;79643.83;5061
300000491;4;1;201513;251919.68;15492
300000805;5;1;201513;4914.86;435
300000443;3;1;201513;426502.79;25831
300000951;8;2;201512;18532.74;3032
300000443;13;2;201502;33731.05;5932
300000443;17;3;201716;32790.49;2101
300000951;17;3;201716;87133.34;4996
300000443;8;2;201717;22601.16;1529
300000950;27;4;201714;291312.42;21308
300000951;27;4;201714;287743.14;21217
300000443;8;2;201510;30453.08;5069
300000491;28;4;201509;100744.89;15655
300000491;18;3;201712;18036.65;1389
300000443;19;3;201711;17639.09;1397
300000443;3;1;201712;1792.7;132
300000805;2;1;201713;5827.49;503
300000491;8;2;201617;51087.49;5014
300000491;18;3;201705;109205.1;8528
300000491;19;3;201705;41657.7;3345
300000951;27;4;201705;263077.34;20720
300000951;2;1;201802;17026.85;1257
300000951;7;1;201513;66168.07;4230
300001309;16;3;201716;14857.24;1009
300000443;15;3;201512;35075.49;5028
300000805;14;2;201717;86575.86;6183
300000491;8;2;201608;18522.01;1922
300000950;7;1;201608;21614.46;2413
300000950;1;1;201508;52638.06;8598
300000491;13;2;201601;9256.44;1562
300000491;14;2;201601;31238.52;4592
300000950;14;2;201603;30557.77;4446
300000950;13;2;201615;53019.02;5342
300000950;15;3;201606;55292.02;5699
300000951;21;3;201613;137039.61;10782
300000950;11;2;201507;8622.62;1250
300000951;19;3;201516;16170.18;2121
300000951;20;3;201803;278143.57;19724
300001309;18;3;201803;41660.17;2822
300000805;14;2;201613;34017.79;2723
300000950;21;3;201801;169747.39;14024
300000491;13;2;201802;203547.76;14970
300000805;13;2;201802;283514.1;20560
300000805;20;3;201708;310980.49;28292
300000951;20;3;201708;307743.62;27825
300000950;12;2;201708;27535.59;2716
300000443;16;3;201703;54657.27;4167
300000950;16;3;201703;85249.64;6753
300000805;9;2;201703;23149.35;1908
300000491;18;3;201608;136511.59;14815
300000443;17;3;201608;79256.73;8805
300000491;19;3;201608;23816.76;2698
300000443;15;3;201609;41222.75;4156
300000951;9;2;201603;17071.99;2532
300000950;1;1;201603;43811.24;6615
300000443;30;5;201602;448.85;112
300000951;12;2;201612;16333.1;1507
300000805;21;3;201701;192246.35;19916
300000951;1;1;201713;13540.2;1172
300001309;9;2;201712;33299.06;2560
300000491;5;1;201717;13893.98;859
300000951;16;3;201716;50888.94;3121
300001309;6;1;201717;12373.03;884
300000950;21;3;201716;203276.9;12450
300000491;21;3;201716;184212.4;12326
300000443;3;1;201514;16115.84;2383
300000491;4;1;201602;16003.23;1988
300000443;10;2;201509;22462.47;4266
300000951;15;3;201802;20199.49;1437
300000950;23;4;201802;36523.39;2546
300000951;27;4;201802;315291.11;21707
300000443;27;4;201802;170149.85;12151
300000443;25;4;201702;55912.49;4855
300000950;16;3;201515;35893.07;5039
300000491;18;3;201801;34597.43;2614
300001309;9;2;201802;21578.73;1689
300000491;14;2;201614;97458;8714
300000491;13;2;201614;41664.06;3724
300000491;21;3;201708;89632.97;8283
300000951;28;4;201705;91403.28;7451
300001309;14;2;201706;44527.27;3587
300000950;14;2;201706;71500.92;5731
300000951;14;2;201613;52734.48;4086
300000950;7;1;201613;38648.24;2574
300000951;18;3;201716;55293.72;3507
300000951;9;2;201717;45333.95;3030
300000950;18;3;201716;32411.35;1993
300000491;19;3;201716;43037.81;2718
300000805;8;2;201613;39330.9;2893
300000805;25;4;201702;66574.34;5894
300000950;21;3;201712;233842.98;17804
300001309;21;3;201712;67372.62;5473
300000443;26;4;201702;21407.84;1878
300000805;22;4;201703;24317.38;1972
300000805;11;2;201705;16437.9;1265
300000951;1;1;201706;36514.28;2817
300000951;13;2;201617;114534.89;11228
300000805;6;1;201617;4856.92;515
300000443;7;1;201607;37353.52;2814
300000491;5;1;201512;5253.01;790
300000951;10;2;201512;24154.61;3952
300000951;15;3;201613;59794;4500
300000805;10;2;201517;28800.72;3640
300000443;9;2;201517;20070.7;2519
300000805;21;3;201516;80252.3;9936
300000491;13;2;201517;11289.19;1244
300000950;16;3;201507;33100.04;4685
300000491;2;1;201613;9046.32;893
300000805;11;2;201515;22604.83;3221
300000443;3;1;201516;452721.49;29600
300000950;22;4;201714;48372.79;3519
300000491;16;3;201701;65446.1;6563
300000951;1;1;201702;13870.3;1226
300000491;13;2;201610;38338.8;3846
300000805;13;2;201610;33115.62;3341
300000443;21;3;201702;56879.7;4754
300000950;20;3;201702;45334.38;3776
300000951;28;4;201702;90246.48;7615
300000950;18;3;201705;58393;4647
300000491;16;3;201705;67409.99;5331
300000443;16;3;201611;81048.12;7382
300000491;16;3;201611;101884.68;9546
300000950;14;2;201505;62766.63;10296
300000491;10;2;201617;62501.04;5837
300000443;10;2;201502;32982.92;5395
300000951;13;2;201601;22696.72;3322
300000950;9;2;201601;8029.52;1126
300000443;9;2;201704;24666.01;1841
300000805;7;1;201705;10274.6;792
300000950;1;1;201705;43087.6;3455
300000443;1;1;201617;43225.89;3929
300000951;19;3;201712;50017.97;3886
300000805;17;3;201713;67365.07;4855
300000950;12;2;201712;29663.47;2174
300000491;10;2;201717;84699.74;5384
300000950;12;2;201704;43620.12;3494
300000491;11;2;201715;8055.5;597
300000951;21;3;201603;82234.15;11944
300000443;17;3;201613;107288.24;8482
300000805;2;1;201716;3772;254
300000951;12;2;201613;8947.27;750
300000443;4;1;201613;4514.5;390
300000491;5;1;201613;2112.78;193
300000951;14;2;201710;70263.58;5747
300000951;1;1;201714;13859.5;1023
300000805;21;3;201714;14101.78;1030
300000491;25;4;201802;48777.21;3430
300001309;17;3;201714;10807.09;760
300000951;14;2;201714;339804.39;24838
300000950;19;3;201616;55404.29;4593
300000443;16;3;201503;18229.57;3583
300000805;20;3;201503;13297.73;2446
300000805;18;3;201606;57333.22;5903
300000950;11;2;201601;8181.57;1203
300001309;8;2;201803;15942.41;1144
300000805;14;2;201803;36323.83;2464
300000951;22;4;201517;1583.4;141
300000950;7;1;201611;34875.51;3189
300000491;11;2;201512;37139.9;5713
300000491;15;3;201605;44756.53;4538
300000951;15;3;201516;27113.95;2961
300000443;14;2;201713;28196.37;1900
300000443;14;2;201708;34384.81;2964
300000950;14;2;201708;53392.63;4811
300000491;6;1;201707;74727.61;3123
300000443;;;201802;12547.68;880
300000951;26;4;201514;13557.2;1956
300000951;28;4;201514;139733.34;19755
300000950;2;1;201608;27565.19;2855
300000805;3;1;201608;7257.42;749
300000491;16;3;201608;33752.73;3635
300000805;18;3;201706;31966.38;2512
300000951;18;3;201706;64423.5;4779
300000805;8;2;201513;13461.22;1276
300000951;15;3;201513;22272.58;2113
300000950;2;1;201515;26080.85;3197
300000951;9;2;201515;25340.66;3436
300000491;11;2;201517;27696.33;3377
300000443;12;2;201606;12873.6;1306
300000491;13;2;201606;10763.72;1098
300000950;14;2;201601;29856.12;4251
300000491;19;3;201603;121561.69;17275
300000805;3;1;201604;17197.3;2032
300000491;17;3;201513;25366.01;2680
300000443;13;2;201714;180493.96;12539
300000443;11;2;201714;29469.98;2035
300001309;18;3;201707;20899.51;1556
300000951;18;3;201707;57224.92;3779
300000491;8;2;201615;16523.44;1603
300000443;15;3;201502;20524.41;4086
300000443;7;1;201711;10683.91;869
300000951;18;3;201709;37695.75;2990
300001309;18;3;201709;17459.93;1334
300000443;10;2;201603;23932.77;3755
300000443;11;2;201603;16404.12;2514
300000805;1;1;201514;42517.41;5712
300000443;22;4;201504;56185.52;10065
300000805;6;1;201505;5365.48;807
300000950;1;1;201505;32039.25;5030
300000805;2;1;201504;7459.01;1177
300000951;12;2;201615;32137.6;3248
300000805;20;3;201706;54634.84;4251
300000950;5;1;201502;7059.89;1203
300000491;11;2;201507;18880.74;2515
300000951;17;3;201705;41103.98;3196
300000951;3;1;201616;3419.59;296
300000951;6;1;201610;10550.12;1069
300000491;18;3;201609;61504.93;6266
300000491;22;4;201505;12013.24;2126
300000950;14;2;201503;27235.58;5129
300000950;16;3;201702;39359.57;3192
300000950;19;3;201802;6434.39;434
300000443;8;2;201609;20780.45;2122
300000805;8;2;201609;17832.27;1855
300000805;9;2;201609;23559.94;2372
300000491;2;1;201511;9577.31;1339
300000950;5;1;201606;21022.5;2074
300000443;5;1;201606;13778.7;1396
300000950;10;2;201606;29504.2;2980
300000443;1;1;201608;30454.04;3151
300000950;1;1;201608;24236.89;2468
300000491;13;2;201709;55281.46;4506
300000443;9;2;201616;25707.17;1801
300000443;8;2;201616;48254.35;3589
300000950;12;2;201802;24735.47;1826
300000443;7;1;201803;8009.4;558
300001309;9;2;201709;21925.07;1802
300000805;19;3;201710;37345.05;3114
300000805;6;1;201707;94340.97;4735
300000950;10;2;201717;84675.61;5728
300000950;26;4;201602;12127.01;1678
300000950;21;3;201713;263361.73;19446
300001309;21;3;201713;76927.45;5194
300000950;21;3;201615;182792.66;19185
300000443;12;2;201803;5730.21;335
300000951;17;3;201713;83770.58;5683
300001309;17;3;201713;33730.54;2382
300000951;13;2;201715;70990.51;5278
300000950;9;2;201716;711982.63;29562
300000443;13;2;201712;83116.74;6399
300000805;12;2;201711;2805.6;223
300000951;14;2;201711;48823.53;3946
300000951;20;3;201710;387915.45;32061
300000950;1;1;201710;97800.6;8051
300000950;23;4;201714;49383.74;3556
300000443;18;3;201713;39747.38;2672
300000805;7;1;201610;10866;1151
300000491;15;3;201603;29153.86;4080
300000805;10;2;201715;22392.3;1642
300000805;13;2;201717;403841.33;29609
300000951;13;2;201717;268962.99;19567
300000443;13;2;201717;123551.77;8131
300000443;20;3;201610;143607.6;14624
300000443;13;2;201708;27471.17;2765
300000951;8;2;201616;104086.61;5464
300000491;9;2;201612;29382.26;2520
300000443;7;1;201606;20498.6;2061
300000443;22;4;201509;27561.24;4308
300000491;23;4;201509;23658.34;3948
300000491;24;4;201509;9878.08;1562
300000951;2;1;201510;13261.5;2008
300000951;9;2;201504;3637.28;585
300000951;8;2;201704;21251.92;1726
300000805;1;1;201715;44776.52;3396
300000491;15;3;201715;51805.94;3943
300000951;7;1;201704;20688.32;1677
300000491;8;2;201504;13474.48;2363
300000950;12;2;201514;28394.26;4241
300000491;14;2;201514;105095.81;15498
300000951;8;2;201608;11835.15;1182
300001309;11;2;201708;14917.4;1252
300000951;11;2;201708;14891.53;1344
300000950;17;3;201708;68597.67;6197
300000491;20;3;201713;254277.85;17736
300000805;9;2;201714;36014.68;2540
300000491;10;2;201714;48458.28;3460
300000950;24;4;201713;6101.38;461
300000443;20;3;201604;167125.8;20020
300001309;6;1;201709;21488.87;1987
300000951;6;1;201709;20771.86;1694
300000950;13;2;201710;34142.1;2890
300000950;6;1;201516;15901.66;2179
300000443;14;2;201604;52126.91;6120
300000951;6;1;201510;18366.06;3077
300000443;20;3;201516;101039;12547
300000805;7;1;201801;28786.6;2144
300000491;29;5;201602;16935.84;2454
300000950;4;1;201601;7211.26;972
300000805;5;1;201601;10293.61;1481
300000805;4;1;201601;1300.2;193
300000805;9;2;201512;21557.78;3362
300000950;7;1;201706;45322.16;3589
300000950;19;3;201606;68710.71;7043
300000491;20;3;201606;25390.61;2613
300000950;1;1;201707;21882.85;1763
300000951;12;2;201705;10967.3;894
300000491;9;2;201703;21348.56;1710
300000491;13;2;201703;11220.82;866
300000951;10;2;201510;48380.51;7823
300000951;3;1;201601;10404.24;1647
300000491;4;1;201503;11228.56;2211
300000443;5;1;201503;1468.36;259
300000951;4;1;201703;6429.5;522
300001309;10;2;201707;16393.79;1118
300000951;11;2;201707;17936.82;1238
300000443;13;2;201707;70496.82;4178
300001309;12;2;201708;17886.32;1597
300000805;12;2;201708;2365.2;183
300000443;5;1;201616;2743.29;249
300000443;4;1;201616;6181.07;607
300000951;29;5;201714;7812.92;512
300000805;24;4;201714;48884.42;3644
300000951;3;1;201509;2853.01;411
300000951;1;1;201517;21784.48;2611
300000951;13;2;201515;38191.88;5424
300000443;14;2;201509;66206.11;10515
300000951;1;1;201504;5002.23;838
300000950;18;3;201708;40815.81;3837
300000805;7;1;201709;4701.55;411
300000443;5;1;201508;8918.37;1472
300000951;8;2;201709;31689.92;2668
300000950;14;2;201802;210523.04;15194
300000443;22;4;201709;48687.56;3791
300000805;3;1;201704;8634.24;702
300000950;5;1;201704;19348.86;1578
300000950;4;1;201704;1733.2;142
300000951;25;4;201705;35916.29;2784
300000951;4;1;201502;1700.99;291
300000491;8;2;201614;38687.85;3447
300000950;20;3;201609;161658.7;16552
300000491;22;4;201609;27023.7;2755
300000443;10;2;201713;9324.77;813
300000443;5;1;201614;12325.51;1108
300000951;6;1;201707;183595.05;7935
300001309;5;1;201714;6087.2;442
300000443;10;2;201616;45045.73;2718
300000443;19;3;201708;23528.27;2445
300000951;8;2;201602;25675.06;3290
300000443;16;3;201710;41340.36;3561
300000950;13;2;201712;94344.3;7177
300000805;3;1;201603;7211.37;1049
300001309;16;3;201802;6841.8;488
300000950;5;1;201707;3596.4;286
300000443;15;3;201601;26202.43;3748
300000951;1;1;201602;20602.78;2598
300000491;17;3;201601;27234.75;3993
300000951;17;3;201510;36108.02;5565
300000491;3;1;201612;15499.49;1395
300000491;5;1;201612;8917.49;849
300000491;10;2;201709;14492.52;1136
300000805;19;3;201602;3646.61;503
300000491;25;4;201614;100105.59;9674
300000951;31;5;201614;26705.29;2486
300000951;26;4;201714;46380.69;3411
300000805;9;2;201801;24220.9;1784
300000805;14;2;201510;24387.07;4209
300000805;4;1;201506;8061.84;1206
300001309;8;2;201706;16115.88;1291
300000443;16;3;201712;29055.66;2178
300001309;16;3;201711;45851.63;3696
300001309;5;1;201706;10401.46;802
300000443;13;2;201706;38603.12;3105
300000443;;;201513;7347.18;267
300000950;;;201513;22709.17;67
300000951;8;2;201716;52376.65;2288
300000951;1;1;201708;16586.49;1359
300000491;5;1;201511;5079.33;981
300000805;6;1;201511;10619.32;1945
300000950;5;1;201511;12238.98;1952
300000950;3;1;201511;29584.61;4166
300000951;11;2;201511;9396.04;1667
300000491;7;1;201511;19688.85;3323
300000951;20;3;201607;193874.86;17903
300000443;12;2;201610;21586.42;2254
300000491;21;3;201515;56520.97;8169
300000951;15;3;201704;51320.71;3984
300000951;2;1;201707;5971;481
300000950;12;2;201515;15704.37;2232
300000443;21;3;201613;148373.27;11535
300000491;1;1;201614;27577.27;2480
300000950;3;1;201706;7912.84;609
300000805;1;1;201510;33039.16;5413
300000951;7;1;201510;22962.94;3802
300000443;6;1;201705;27793.4;2252
300001309;6;1;201707;29415.29;1769
300000443;11;2;201511;19914.61;3254
300000443;30;5;201714;18361.97;1320
300000443;16;3;201604;29422.28;3519
300000805;19;3;201705;38245.52;2953
300000805;9;2;201712;29262.24;2072
300001309;21;3;201711;59222.77;5059
300000491;21;3;201711;96984.66;7913
300000491;11;2;201501;13367.1;2389
300000805;19;3;201515;8500.09;1192
300000491;18;3;201515;32468.11;4733
300000805;13;2;201503;6523.42;1197
300000443;17;3;201607;53277.94;4959
300000805;13;2;201612;62130.99;5620
300000491;19;3;201702;10259.82;820
300000950;17;3;201707;67085.53;4875
300000805;8;2;201710;23346.92;1698
300000950;8;2;201509;35804.39;7309
300000805;26;4;201509;26382.67;4145
300000951;3;1;201510;10182.33;1666
300000951;5;1;201706;4320.6;312
300000805;24;4;201703;1935.98;163
300000443;5;1;201704;22576.88;1841
300000491;15;3;201610;78593.96;8049
300000491;21;3;201614;46513.32;4242
300000805;19;3;201517;25876.39;2997
300000491;16;3;201614;39004.2;3787
300000951;14;2;201612;38741.33;3518
300000491;12;2;201617;30692.87;2999
300000443;12;2;201617;46806.44;4607
300000805;13;2;201617;55040.21;5361
300000491;7;1;201611;28425.49;2732
300000443;6;1;201803;1856.6;125
300000805;18;3;201707;56317.36;4165
300000491;12;2;201614;31857.27;2824
300000443;11;2;201614;31404.47;2810
300000491;6;1;201713;12988.37;1031
300000951;24;4;201514;39503.49;5508
300000805;18;3;201514;14463.31;1984
300000950;5;1;201503;8282.36;1541
300000805;17;3;201711;60699;4798
300000443;17;3;201711;98135.96;7779
300000950;6;1;201712;25625.7;1958
300001309;11;2;201712;13728.3;1038
300000951;9;2;201711;21329.85;1672
300001309;8;2;201716;5711.3;424
300000950;17;3;201714;23011.58;1684
300000805;14;2;201612;32466.09;2889
300000491;1;1;201609;27718.61;2815
300000951;3;1;201517;12166.67;1492
300000950;14;2;201613;52330.81;4387
300000805;10;2;201711;11842.29;922
300000805;20;3;201710;403514.29;33410
300000443;20;3;201507;74331.1;10575
300000805;1;1;201508;26177.58;4003
300000491;15;3;201702;13161.74;1085
300000491;3;1;201507;36014.23;2836
300000443;7;1;201510;41431.74;6763
300000951;19;3;201614;6162.1;564
300000805;16;3;201605;56922;5809
300000443;16;3;201605;55444.79;5623
300000805;10;2;201516;16621.67;1761
300000805;3;1;201703;7714.78;644
300000491;11;2;201604;32743.93;3565
300000443;12;2;201604;13735.89;1614
300000950;1;1;201517;69829.18;9165
300000805;11;2;201610;25620.14;2581
300000491;26;4;201502;11919.82;2341
300000491;5;1;201707;2078.6;161
300000951;23;4;201602;21326.32;2712
300000805;17;3;201602;17772.55;2135
300000951;7;1;201503;14913.49;2820
300000491;3;1;201503;7449.74;1383
300000951;;;201715;8791.2;664
300000443;11;2;201515;7338.25;1024
300000491;25;4;201502;19879.42;3778
300000443;19;3;201508;10699.78;1997
300000491;20;3;201508;13158.4;2091
300000443;18;3;201509;6383.13;964
300000805;10;2;201704;12337.16;1010
300000491;6;1;201602;14768.84;2014
300000491;3;1;201708;15831.19;1304
300000951;9;2;201710;30348.38;2451
300000443;18;3;201711;16386.99;1313
300000443;1;1;201802;9772.73;731
300000443;16;3;201612;75843.62;6795
300000443;15;3;201608;38514.51;3926
300000491;8;2;201604;17570.56;1958
300000950;18;3;201710;69480.75;5762
300000443;18;3;201604;9954.74;1229
300000950;2;1;201709;20640.05;1694
300000443;4;1;201708;6781.5;591
300000951;24;4;201504;776.39;50
300000805;11;2;201701;13430.64;1433
300000951;4;1;201516;2194.34;295
300000491;4;1;201701;15425.11;1470
300000950;12;2;201616;27640.2;2001
300000951;9;2;201606;7780.6;758
300000491;4;1;201517;27316.65;3404
300000951;19;3;201512;30461.42;4801
300000491;12;2;201512;11112.53;1819
300000805;12;2;201512;7910.56;1282
300000491;6;1;201701;1268.4;120
300000951;12;2;201701;3347.6;344
300000950;17;3;201509;12891.61;2051
300000951;3;1;201705;5662.3;460
300000950;12;2;201715;17882.71;1345
300000805;8;2;201712;30035.08;1969
300000950;7;1;201516;464515.1;31012
300000951;14;2;201516;28184.1;3668
300000443;12;2;201510;10301.08;1679
300000491;10;2;201504;5252.98;897
300000805;4;1;201612;13244.19;1191
300000950;11;2;201716;6483.58;485
300000950;13;2;201701;63235.89;6494
300000491;18;3;201501;33267.62;6269
300000491;8;2;201605;34510.45;3610
300000951;11;2;201716;20078.01;1232
300000443;6;1;201712;11953.3;983
300000951;11;2;201712;30970.88;2229
300000950;5;1;201505;19721.78;3537
300000950;12;2;201505;36187.4;5910
300000805;4;1;201708;2461.9;221
300000950;14;2;201506;89129.54;15367
300000491;23;4;201608;903.51;102
300000805;18;3;201611;91806.85;8648
300000950;17;3;201611;141677.57;13169
300000950;11;2;201512;7470.85;1099
300000950;30;5;201714;5980.15;445
300000951;6;1;201715;48881.42;3378
300000491;20;3;201703;7833.38;615
300000805;7;1;201507;15099.68;1699
300000443;9;2;201601;4163.16;716
300000491;15;3;201602;17153.6;2449
300000443;14;2;201602;36081.85;4627
300000805;7;1;201617;20141.21;1976
300000950;3;1;201704;5759.21;498
300001309;2;1;201708;7593.4;660
300000950;3;1;201802;23832.86;1619
300000805;5;1;201802;2085.32;156
300000950;11;2;201613;6728.4;669
300000443;21;3;201701;51573.3;5278
300001309;19;3;201713;35407.42;2077
300001309;3;1;201713;5666.5;500
300000951;2;1;201501;3146.14;547
300000951;10;2;201715;10581;784
300000950;18;3;201510;35827.76;5953
300000951;10;2;201705;7082.6;579
300000491;5;1;201508;8353.98;1525
300000950;5;1;201710;6986.19;494
300000950;18;3;201602;7684;1011
300000491;19;3;201602;2704.12;376
300000805;20;3;201602;2114.26;291
300000491;17;3;201609;112730.94;11493
300000491;1;1;201707;6081.66;480
300000950;9;2;201608;14580.05;1557
300000491;10;2;201608;18998.34;1973
300000951;19;3;201715;37835.53;2769
300000951;21;3;201606;89942.23;9313
300000491;7;1;201614;16935.79;1508
300000950;10;2;201506;31243.44;4904
300000950;9;2;201506;32602.24;5377
300000951;1;1;201711;21670.2;1652
300000443;14;2;201711;43210.21;3426
300000950;14;2;201711;48518.82;3903
300000950;7;1;201509;34303.24;5596
300000951;;;201802;3984.4;260
300000491;20;3;201602;8033.86;1244
300000805;6;1;201714;34754.4;2432
300001309;;;201801;6909;546
300000491;2;1;201502;8355.61;1466
300000805;2;1;201602;16043.7;2031
300000443;19;3;201611;19939.98;1834
300000805;19;3;201802;16084.6;1159
300000443;12;2;201709;5773.89;473
300000950;13;2;201611;74171.97;6742
300000951;1;1;201512;10979.73;1840
300000491;18;3;201715;29265.26;2217
300000491;11;2;201616;8831.71;636
300000951;16;3;201505;4504.3;653
300000805;14;2;201505;3243.02;613
300000951;3;1;201606;6973.1;721
300000950;;;201507;804.7;117
300000805;19;3;201701;25490.65;2679
300000805;10;2;201503;10141.68;1895
300000805;9;2;201705;18805.42;1506
300000805;1;1;201504;12094.5;2189
300000491;3;1;201504;9844.43;1461
300000805;14;2;201608;29741.5;3137
300000443;7;1;201802;15717.03;1187
300000443;6;1;201510;52043.05;8542
300000951;33;5;201614;17880.26;1683
300000950;2;1;201517;13858.57;1761
300000443;11;2;201802;16792.32;1232
300000950;19;3;201612;65483.49;5916
300000491;18;3;201606;113498.56;11587
300001309;8;2;201708;18643.52;1811
300000491;3;1;201704;12360.06;1007
300000951;11;2;201704;10038.84;823
300000805;17;3;201612;61850.33;5636
300000951;3;1;201613;5323.75;510
300000443;20;3;201608;144722.74;15925
300000443;11;2;201717;22752.33;1629
300000491;7;1;201501;16483.5;2871
300000805;8;2;201501;9895.83;1736
300001309;11;2;201714;8386.9;596
300001309;2;1;201713;10199.1;922
300000491;6;1;201615;9944.69;1100
300000805;16;3;201501;15922.28;2962
300000950;15;3;201501;30860.99;5717
300000951;7;1;201504;10860.35;1776
300000805;7;1;201612;19407.38;1773
300000950;7;1;201612;45677.08;4032
300000805;15;3;201607;29454.25;2741
300000951;4;1;201608;8724.97;895
300000491;19;3;201607;35323.93;3318
300000951;;;201607;2778.02;289
300000950;2;1;201507;833.59;131
300000491;3;1;201606;7234.2;748
300000950;22;4;201605;3098.55;323
300000950;11;2;201602;26358.59;3460
300000950;22;4;201716;8934.95;559
300000443;7;1;201710;18936.2;1420
300000951;2;1;201714;16776.3;1185
300000950;21;3;201606;113285.54;11609
300000805;1;1;201607;26773.01;2770
300000951;9;2;201512;9524.06;1557
300000805;9;2;201503;22369.31;4330
300000805;5;1;201803;1918.4;130
300000950;5;1;201803;9627;682
300000805;1;1;201612;29943.27;2748
300000491;18;3;201513;43249.61;4711
300000805;20;3;201513;18667.6;1990
300000951;1;1;201608;14672.99;1592
300000443;26;4;201802;32013.5;2261
300001309;3;1;201801;7446;544
300000491;5;1;201503;3346.3;628
300000443;2;1;201606;13131.82;1345
300000950;3;1;201606;8863.9;910
300000951;6;1;201613;8238.17;746
300000491;4;1;201711;5293.2;421
300000491;2;1;201505;2606.14;559
300000443;18;3;201504;11368.12;1932
300001309;7;1;201711;12086.91;957
300000951;6;1;201711;24928.11;1924
300000950;2;1;201609;8233.37;852
300000950;9;2;201511;23909.56;3913
300000950;2;1;201704;16094.22;1316
300000805;5;1;201502;752;118
300000951;11;2;201502;2993.35;512
300000443;12;2;201613;10338.6;822
300000950;22;4;201611;1382;117
300000805;15;3;201516;27211.09;3362
300000951;8;2;201803;13299.5;912
300000951;1;1;201514;10567.7;1616
300000805;;;201702;1749.6;131
300001309;22;4;201716;7267.6;466
300000805;11;2;201513;20423.41;1871
300000805;2;1;201612;17231.1;1594
300000805;13;2;201506;25271.78;4391
300000951;8;2;201501;1820.16;273
300000950;6;1;201501;11448.63;2069
300000951;13;2;201501;15672.1;2735
300000951;8;2;201505;12251.36;1928
300000443;2;1;201511;9269.79;1597
300000491;22;4;201605;3238.9;334
300000950;12;2;201709;27971.54;2280
300000950;6;1;201610;58832.7;4995
300000951;21;3;201501;44786.67;8378
300000951;3;1;201513;1753.55;230
300001309;10;2;201710;35168.14;2906
300000491;4;1;201505;3212.66;563
300000805;3;1;201505;4230.98;812
300000950;9;2;201513;22570.43;2107
300000950;12;2;201504;13829.83;2538
300000491;2;1;201607;13669.28;1398
300000443;22;4;201606;917.01;97
300000805;15;3;201701;44292.51;4730
300000950;5;1;201513;1041.32;132
300001309;1;1;201710;46445.58;3819
300000443;8;2;201606;28357.8;2873
300000491;2;1;201704;12015.58;988
300000805;2;1;201604;11441.18;1426
300000951;19;3;201702;2709.7;257
300000443;11;2;201612;13018.89;1163
300000805;10;2;201612;28342.41;2634
300000951;18;3;201605;21598;2203
300000443;2;1;201509;18177.89;2769
300000443;12;2;201705;7099.7;573
300000443;9;2;201702;51281.27;4533
300000443;18;3;201513;17983.32;1870
300001309;2;1;201711;5911.5;476
300000950;5;1;201703;4484.48;359
300000951;17;3;201513;31263.99;3085
300000491;12;2;201513;5778.36;655
300000805;12;2;201513;8630.39;787
300000950;4;1;201512;5784.93;860
300000951;10;2;201501;8497.77;1496
300000950;18;3;201609;55758.42;5650
300000443;1;1;201801;6760;499
300000491;13;2;201511;17608.85;2826
300000951;20;3;201504;90751.44;15598
300000950;13;2;201504;42837.3;7285
300000805;14;2;201504;22065.18;3880
300000951;5;1;201508;4529.86;602
300000491;3;1;201615;18668.67;1808
300000950;23;4;201609;4172.03;402
300000491;4;1;201605;12943.85;1242
300000491;5;1;201605;14913.8;1446
300000443;5;1;201712;2199.1;162
300001309;9;2;201715;15489.51;1119
300000951;5;1;201513;1028.8;146
300000951;12;2;201704;5204.86;418
300000491;24;4;201706;1785.12;142
300000443;4;1;201606;3558.9;362
300000805;4;1;201606;13033.81;1354
300000950;;;201611;1559.58;142
300000950;4;1;201506;9717.9;1598
300000951;5;1;201612;3155.5;279
300000443;5;1;201605;17203.7;1667
300000491;10;2;201501;3026.6;588
300000491;18;3;201802;5592.8;404
300000951;20;3;201507;82147.94;11716
300000805;12;2;201509;6797.32;1351
300000951;24;4;201604;1165.8;190
300000805;13;2;201608;16589.77;1870
300000805;3;1;201712;14095.36;1063
300000950;12;2;201509;17206.57;2772
300001309;11;2;201711;15650.61;1296
300000805;2;1;201711;5362.7;422
300000443;3;1;201711;2717.4;224
300000805;19;3;201714;2892.5;211
300000491;13;2;201507;9761.76;1299
300000805;6;1;201702;1581.32;144
300000443;4;1;201702;7482.38;705
300000950;17;3;201609;65914.46;6684
300000805;10;2;201803;27128.4;1839
300000491;10;2;201803;26589.59;1809
300000805;11;2;201707;7174.39;575
300000491;12;2;201501;2064.34;373
300000951;10;2;201803;24589.6;1725
300000951;12;2;201510;7093.34;1156
300000443;12;2;201615;23960.39;2451
300000443;2;1;201713;2931.6;248
300000951;;;201508;4688.6;742
300000491;12;2;201608;8500.15;864
300000491;3;1;201611;13879.38;1354
300000491;5;1;201617;5248.12;471
300000950;4;1;201717;7398.34;504
300000491;6;1;201501;2025.84;346
300000951;17;3;201617;2636.91;256
300000950;22;4;201712;1740.1;113
300000950;18;3;201714;5398.53;377
300000491;20;3;201502;1481.04;297
300000805;;;201508;999.98;126
300000443;4;1;201713;1561.7;131
300000443;21;3;201706;66488.95;5273
300000805;11;2;201507;16451.35;2191
300000491;7;1;201607;106710.5;6159
300000950;6;1;201607;183851.11;10819
300000491;8;2;201802;33399.95;2487
300000443;28;4;201714;77087.85;5712
300000443;17;3;201508;33749.13;5667
300000443;19;3;201507;20957.46;3080
300000951;21;3;201707;142045.23;10389
300000443;8;2;201708;19780.4;1610
300000491;14;2;201517;49894.03;6061
300000950;13;2;201503;28081.96;5123
300000950;14;2;201512;43651.29;6696
300000805;10;2;201706;5742.18;464
300001309;17;3;201706;82069.56;6135
300000491;24;4;201505;29119.87;5322
300000491;1;1;201506;16518.52;2802
300000491;10;2;201510;20373.74;3367
300000950;7;1;201505;15073.79;2539
300000491;12;2;201505;11690.94;2094
300000951;1;1;201511;14417.06;2394
300000443;1;1;201702;31832.15;2820
300000443;16;3;201508;33980.55;5728
300000491;17;3;201508;42311.74;7128
300000950;22;4;201614;47305.24;4480
300000951;15;3;201716;84829.96;5175
300000805;15;3;201716;64009.49;3897
300000443;15;3;201716;11193.03;591
300000805;16;3;201716;49412.79;3300
300000491;16;3;201713;102761.45;7116
300000950;7;1;201713;948002.28;36981
300000805;12;2;201713;10808.69;834
300000950;16;3;201713;55187.28;3739
300000443;20;3;201701;230389.94;24592
300000805;9;2;201702;23953.49;2102
300000443;8;2;201702;14006.6;1252
300000443;15;3;201612;94619.61;8623
300000443;14;2;201612;47304.6;4074
300000950;15;3;201612;90302.81;8200
300000950;24;4;201602;72215.19;10157
300000950;23;4;201602;48128.89;6673
300000443;23;4;201602;23160.72;3471
300000951;10;2;201513;10230.53;931
300000951;9;2;201702;38653.17;3302
300000950;14;2;201511;91379.96;15059
300000950;1;1;201512;55812.44;9266
300000805;1;1;201512;16622.41;2750
300000491;5;1;201502;3029.51;531
300000443;9;2;201801;19697.07;1400
300001309;8;2;201717;26253.43;1892
300000491;27;4;201714;305931.97;22323
300000951;2;1;201617;31343.65;3045
300000805;17;3;201616;38177.43;3041
300000950;8;2;201510;43357.57;7054
300000491;9;2;201510;31287.1;5156
300000491;14;2;201712;60777.49;4577
300000950;16;3;201712;75248.73;5824
300000951;17;3;201711;120312.58;9466
300000491;17;3;201615;107761.8;11335
300000443;16;3;201615;98185.37;10138
300000951;2;1;201616;4926.4;449
300000491;21;3;201705;232474.45;18299
300000950;14;2;201801;80027.82;5642
300000443;21;3;201512;44213.9;6949
300000491;2;1;201513;2421.27;266
300000805;2;1;201513;8401.68;1069
300001309;7;1;201713;128814.99;5387
300000951;1;1;201513;3393.5;472
300000805;16;3;201512;27916.62;4021
300000491;18;3;201512;44113.09;6771
300000443;14;2;201717;131421.06;9356
300000950;11;2;201801;32312.31;2028
300001309;14;2;201717;137283.1;10158
300000951;14;2;201717;201360.44;14369
300000951;14;2;201608;20613.88;2183
300000443;6;1;201608;14615.89;1575
300000951;8;2;201508;8389.36;1396
300000805;2;1;201508;7415.47;1205
300000950;12;2;201601;8621.48;1243
300000443;14;2;201603;26727.78;3815
300000491;14;2;201615;44662.72;4411
300000950;9;2;201614;66682.15;5287
300000950;10;2;201614;129825.43;11031
300000805;11;2;201614;64561.09;5398
300000951;17;3;201614;42923.76;3301
300000443;11;2;201507;7142.71;1066
300000443;12;2;201516;7741.78;976
300000443;20;3;201803;81188.81;6068
300000950;20;3;201803;198874.17;14109
300000443;5;1;201803;5363.38;368
300000805;20;3;201801;373108.3;28663
300000443;20;3;201801;109725.51;8421
300000950;15;3;201802;49253.12;3466
300000951;19;3;201708;72588.36;6694
300000491;19;3;201707;49934.7;3746
300000951;14;2;201708;76902.6;6784
300000443;6;1;201703;12587.8;999
300000443;11;2;201703;21474.78;1211
300000951;18;3;201703;44037.91;3187
300000805;14;2;201703;38764.52;3164
300000805;5;1;201703;3897.56;333
300000951;15;3;201604;46397.98;5228
300000443;13;2;201704;43984.06;3597
300000805;18;3;201608;37990.21;4257
300000805;19;3;201608;9053.79;971
300000950;19;3;201608;28179.78;2954
300000805;30;5;201602;92242.73;13635
300000951;8;2;201603;18367.97;2707
300000951;11;2;201612;17683.1;1606
300000950;6;1;201702;44903.43;4023
300000491;7;1;201702;32690.9;2910
300000805;7;1;201702;19315.99;1762
300001309;1;1;201717;17278.86;1225
300000951;10;2;201514;21549.7;3195
300000950;4;1;201514;3391.36;521
300000805;6;1;201514;10143.47;1438
300000491;6;1;201514;7366.15;1141
300000950;2;1;201602;19665.76;2546
300000951;9;2;201602;21594.42;2809
300000951;7;1;201612;37708.94;3394
300000951;2;1;201511;16463.86;2481
300000443;9;2;201703;19481.14;1574
300000491;24;4;201802;70991.38;4907
300000951;9;2;201703;17910.85;1409
300000491;27;4;201702;36460.07;3094
300000951;5;1;201703;7874.32;627
300000491;2;1;201703;10056.66;805
300000950;1;1;201504;34295.51;5507
300000805;16;3;201510;17661.04;2894
300000950;21;3;201501;92320.29;15454
300000951;27;4;201602;73206.31;9815
300000443;21;3;201602;38887.35;5450
300000951;28;4;201602;75376.17;11017
300000443;8;2;201508;28906.57;4783
300000805;9;2;201508;14150.08;2065
300000805;16;3;201515;25831.46;3889
300000443;16;3;201515;29699.61;4459
300000950;17;3;201515;34618.13;5131
300000951;2;1;201516;5529.05;740
300000950;28;4;201802;225646.81;15413
300000950;9;2;201802;26051.23;1897
300000805;21;3;201801;65901.67;5293
300000951;30;5;201705;4960.89;401
300000805;18;3;201716;50385.04;3179
300000950;3;1;201703;8132.76;671
300000491;23;4;201703;194935.79;15828
300000805;23;4;201703;142543.5;11416
300000950;7;1;201607;50304.25;4187
300000443;3;1;201512;19054.52;3055
300000950;9;2;201517;42714.27;4843
300000443;13;2;201517;58962.08;7414
300000443;12;2;201517;24849.58;3032
300000950;11;2;201517;34249.12;3909
300000805;12;2;201517;16002.08;1827
300001309;16;3;201715;32959.82;2368
300000950;10;2;201515;26269.79;3557
300000950;2;1;201516;9091.64;1360
300000491;19;3;201515;11892.93;1729
300000950;3;1;201516;10193.26;1558
300000443;5;1;201609;14370.19;1390
300000805;17;3;201701;33324.17;3367
300000491;17;3;201701;24333.42;2561
300000951;20;3;201610;191422.42;19725
300000443;14;2;201610;49459.62;5108
300000491;17;3;201705;56430.82;4440
300000443;19;3;201704;218443.94;18184
300000951;9;2;201706;18843.36;1509
300000491;11;2;201706;9694.26;776
300000491;19;3;201505;40220.36;6729
300000805;10;2;201617;21706.95;2127
300000950;9;2;201502;13374.53;2302
300000443;6;1;201601;25850.94;3533
300000950;8;2;201601;18240.54;2637
300000805;10;2;201601;2199.86;474
300000951;16;3;201601;15186.61;2296
300000491;11;2;201601;2399.6;326
300000805;10;2;201712;43845.17;3245
300001309;10;2;201712;17844.1;1274
300000950;20;3;201704;199510.63;16669
300000491;14;2;201705;67712.24;5415
300000950;16;3;201514;38168.44;3655
300000805;22;4;201509;23933.31;3832
300000951;8;2;201617;30527.04;2783
300000443;2;1;201613;8736.5;809
300000951;18;3;201704;36124.88;2782
300000950;14;2;201504;51034.2;8539
300000805;11;2;201704;7607.66;629
300000805;14;2;201713;51940;3290
300000443;8;2;201716;22883.82;889
300000491;15;3;201705;37608.7;2958
300000951;3;1;201611;9622.49;851
300000805;11;2;201616;38175.21;2655
300000443;18;3;201616;35372.51;2740
300000805;21;3;201616;195008.63;14765
300000443;19;3;201616;50091.74;3746
300000950;21;3;201607;160519.2;15329
300000805;1;1;201608;15978.23;1652
300000951;13;2;201603;28412.44;3878
300000950;5;1;201603;21352.19;2713
300000443;4;1;201603;5049.8;830
300000491;20;3;201610;98938.61;10330
300000805;21;3;201503;61511.75;11466
300000491;19;3;201503;30417.46;5665
300000443;19;3;201503;32757.78;6036
300000950;19;3;201503;36206.34;6869
300000950;1;1;201704;27994.54;2279
300000950;14;2;201715;63540.22;4642
300000951;14;2;201715;68015.52;4998
300000491;17;3;201803;132485.84;9096
300000443;8;2;201611;22922.25;2225
300000805;11;2;201512;40561.01;6509
300000951;16;3;201516;23796.34;3126
300000805;18;3;201711;80210.39;6434
300000950;14;2;201713;98180.97;6495
300000951;8;2;201712;65027.63;4520
300000951;10;2;201608;26286.24;2877
300000951;27;4;201514;28509.92;4032
300000805;20;3;201514;7508.6;1049
300000950;8;2;201515;22193.18;3113
300000805;15;3;201705;37006.89;2963
300000491;3;1;201602;8708.51;1135
300000950;19;3;201514;5489.41;768
300000950;18;3;201514;6892.55;940
300000443;21;3;201514;46920.5;6708
300000491;9;2;201513;20156.74;2068
300000805;3;1;201515;21071.85;2918
300000491;4;1;201617;6094.63;564
300000951;10;2;201617;62679.68;6040
300000443;14;2;201617;146011.13;13946
300000951;7;1;201701;33760.24;3470
300000950;19;3;201603;96848.76;13874
300000443;15;3;201513;41043.59;4467
300000805;25;4;201714;14640.7;1057
300000951;14;2;201707;94697.2;5276
300000950;18;3;201707;78445.73;5290
300000805;9;2;201502;16097.03;2813
300000805;16;3;201502;7301.26;1476
300000491;8;2;201711;41812.94;3313
300000805;7;1;201701;22689.24;2198
300000950;10;2;201603;19098.83;3078
300000950;11;2;201603;10051.4;1467
300000443;2;1;201703;8649.36;700
300000951;6;1;201514;14156.08;2015
300000950;20;3;201513;114042.34;12131
300000443;1;1;201505;32189.92;5451
300000950;9;2;201615;25375.2;2380
300000951;19;3;201706;34253.96;2572
300000491;17;3;201712;102208.1;8015
300000950;21;3;201604;101773.93;12271
300000491;17;3;201501;21227.63;3892
300000443;8;2;201507;19531.53;2568
300000805;8;2;201507;10472.95;1522
300000805;7;1;201708;19590.2;1765
300000951;6;1;201706;26236.7;2013
300000951;18;3;201705;21351.7;1686
300000950;4;1;201515;4155.61;570
300000951;12;2;201515;3516.62;466
300000443;14;2;201611;47487.57;4406
300000950;23;4;201702;46370.24;4130
300000443;17;3;201505;19908.42;3383
300000805;21;3;201505;30221.73;5063
300000951;24;4;201505;844.3;106
300000443;15;3;201702;53212.9;4602
300000491;16;3;201702;7490.97;683
300000951;14;2;201609;43555.07;4334
300000443;7;1;201609;36400.49;3844
300000951;16;3;201603;32673.25;4694
300000950;9;2;201603;17306.2;2773
300000491;7;1;201606;28516.8;2801
300000951;17;3;201606;78101.6;7953
300000443;6;1;201602;21966.09;2611
300000443;15;3;201514;27051.33;3904
300000443;20;3;201615;231716.98;23234
300000443;27;4;201514;101709.22;14706
300000805;26;4;201514;16830.05;2255
300000950;27;4;201514;119595.15;17530
300000805;9;2;201616;23828.15;1916
300001309;15;3;201801;47444.46;3524
300000950;21;3;201802;92904.83;5923
300000950;9;2;201712;40189.7;2906
300000805;15;3;201703;34833.91;2771
300000443;19;3;201706;20704.08;1661
300000805;9;2;201709;17012.73;1396
300000950;15;3;201710;56681.66;4811
300000443;19;3;201710;49931.58;4096
300001309;19;3;201710;31459.35;2365
300000805;1;1;201605;71586.1;7339
300000950;19;3;201501;18590.81;3492
300000805;20;3;201501;12248.04;2318
300000443;27;4;201604;5387.16;547
300000951;21;3;201713;182105.25;12735
300000805;21;3;201713;85317.47;6000
300000950;2;1;201715;21616.93;1595
300000805;21;3;201615;261321.7;26891
300000951;13;2;201616;45058.95;3287
300000491;13;2;201715;40062.9;2950
300000443;14;2;201715;47471.24;3575
300000950;1;1;201610;72295.48;7524
300000491;13;2;201711;35956.9;2807
300000950;21;3;201709;207317.08;15920
300000443;17;3;201714;12111.48;917
300000491;23;4;201714;36568.48;2687
300000491;9;2;201715;17212.2;1298
300000491;13;2;201801;9346.3;622
300000950;12;2;201717;72736.39;5067
300000443;12;2;201717;25480.16;1913
300000443;3;1;201801;3442.1;268
300000491;20;3;201716;219058.6;13400
300000443;1;1;201717;10659.82;732
300000951;7;1;201611;31613.24;2952
300000951;8;2;201611;13124.31;1187
300000443;1;1;201611;28823.08;2775
300000443;22;4;201615;2715.98;251
300000443;1;1;201616;23470.49;2124
300000950;15;3;201803;55264.8;3803
300000805;4;1;201611;16137.09;1435
300000951;16;3;201612;80810.99;7211
300000805;9;2;201606;17945.06;1846
300000951;23;4;201509;29712.94;4426
300000950;24;4;201509;53693.48;8425
300000491;17;3;201613;86229.2;6659
300000950;21;3;201703;35642.6;2837
300001309;10;2;201716;98964.83;4216
300000950;9;2;201714;39177.6;2860
300000950;18;3;201713;35716.02;2366
300000491;9;2;201714;46985.44;3297
300000951;9;2;201714;28259.8;2054
300000443;1;1;201605;97289.45;9093
300000491;10;2;201605;14889.91;1530
300000443;18;3;201708;14632.05;1381
300000805;23;4;201514;29529.42;4353
300000950;27;4;201509;128401.8;20428
300000491;8;2;201602;23905.36;3151
300000950;7;1;201602;27704.52;3581
300000951;8;2;201506;18823.19;2831
300000491;9;2;201602;26705.03;3432
300000950;8;2;201504;19685.36;3427
300000491;13;2;201612;96091.33;8761
300000443;13;2;201612;54463.95;4888
300000950;18;3;201610;36903.52;3766
300000491;19;3;201610;30169.62;3112
300000805;9;2;201607;14202.47;1277
300000951;8;2;201510;19699.81;3143
300000491;6;1;201601;4136.3;628
300000951;10;2;201601;2784.8;392
300000950;8;2;201512;40800.88;6833
300000805;6;1;201705;11021.5;889
300000805;19;3;201606;26157.92;2713
300000950;18;3;201606;59529.1;6147
300000491;21;3;201606;68546.93;7052
300000491;4;1;201510;34548.05;5563
300000950;3;1;201503;13921;2634
300001309;9;2;201714;14855.1;1052
300000951;16;3;201512;20784.61;3384
300000443;9;2;201512;23470.6;3300
300000950;7;1;201710;39337.69;3249
300000443;15;3;201715;63506.23;4632
300000951;24;4;201714;69588.96;5073
300000443;2;1;201513;2129.27;300
300000951;22;4;201705;60328.99;4789
300000950;15;3;201509;50465.66;7613
300000951;22;4;201509;22217.22;3292
300000951;4;1;201708;10062.6;846
300000443;10;2;201514;25023.72;3845
300000950;19;3;201615;50821.84;5100
300000951;6;1;201616;48094.39;2372
300000950;8;2;201608;34758;3598
300000951;15;3;201608;23858.58;2478
300000443;6;1;201714;24825.28;1533
300000950;7;1;201614;43101.28;3957
300000950;6;1;201614;35025.68;3158
300000950;8;2;201614;74581.71;6668
300000951;7;1;201610;19961.33;2017
300000443;4;1;201802;6633.3;488
300000950;4;1;201614;3360.8;304
300000491;21;3;201613;146142.33;11951
300000443;4;1;201614;2864.4;262
300000950;5;1;201614;12932.06;1206
300000491;7;1;201512;13030.09;2093
300000950;16;3;201715;69459.38;5132
300000805;5;1;201715;28318.9;1678
300000491;16;3;201715;67192.35;4947
300000950;16;3;201710;73463.86;6081
300000950;9;2;201710;23012.36;1975
300000805;16;3;201710;93517.44;7778
300000950;4;1;201603;8930.51;1262
300000805;17;3;201601;18618.6;2782
300000951;2;1;201602;6556.64;847
300000805;8;2;201802;39682.2;2819
300000950;17;3;201802;37215.8;2646
300000950;12;2;201603;22980.96;3297
300000805;10;2;201510;27059.4;4477
300000805;3;1;201612;8931.8;789
300000443;3;1;201612;4737.58;433
300000950;4;1;201612;13979;1284
300000950;6;1;201603;44165.71;5161
300000805;7;1;201603;17657.16;2608
300000491;7;1;201603;33299.38;4965
300000443;13;2;201709;28250.62;2221
300000950;14;2;201709;74590.84;5634
300001309;2;1;201717;21005.07;1522
300000950;24;4;201614;42760.28;4331
300001309;12;2;201714;36791.16;2549
300000805;12;2;201714;55891.89;4089
300000443;2;1;201505;17287.72;2036
300000951;10;2;201506;20443.96;3331
300000951;11;2;201506;8555.76;1410
300000491;7;1;201506;29282.84;4590
300000951;13;2;201506;118395.43;19085
300000443;7;1;201707;4223.06;337
300000950;20;3;201613;260588.9;20223
300000491;24;4;201502;12046.35;2434
300000805;7;1;201514;21259.57;3019
300000805;21;3;201715;48126.31;3615
300000950;7;1;201716;17872.5;1314
300000443;9;2;201602;37749.28;4925
300000491;21;3;201601;57383.37;8896
300000491;10;2;201602;33215.89;4267
300000951;19;3;201707;45589.89;3320
300000951;22;4;201707;3408.1;251
300000491;1;1;201708;18413.11;1674
300000805;1;1;201708;27113.61;2452
300000951;18;3;201607;14642.91;1504
300000950;14;2;201702;156551.7;14497
300000491;12;2;201610;18789.74;1701
300000950;12;2;201610;27510.12;2760
300000805;21;3;201515;71148.71;9965
300000951;7;1;201516;318919.13;20857
300000805;5;1;201706;18706.58;1519
300000805;24;4;201614;31979.98;3192
300000951;21;3;201505;54481.7;8919
300000951;1;1;201506;9501.24;1578
300000443;28;4;201509;87536.38;13883
300000805;7;1;201802;10689.02;834
300000951;4;1;201512;7262.35;1179
300000950;11;2;201511;23127.15;3700
300000805;17;3;201604;17361.61;2088
300000805;28;4;201604;1813;222
300001309;7;1;201712;90540.73;6256
300000443;21;3;201711;68631.8;5990
300000443;18;3;201613;79867.39;6495
300000443;13;2;201715;44489.2;3436
300000443;11;2;201501;14061.44;2544
300000951;17;3;201501;17917.57;3220
300000950;18;3;201515;17861.07;2465
300000951;25;4;201702;51150.45;4233
300000443;18;3;201702;18009.14;1578
300000951;10;2;201515;36466.94;4966
300000951;14;2;201506;70618.04;11128
300000805;17;3;201707;38778.32;2330
300000951;4;1;201510;3816.86;647
300000805;18;3;201703;76839.92;6177
300000443;18;3;201801;18677.61;1323
300000950;19;3;201614;12125.68;1227
300000950;20;3;201614;21307.76;1862
300000950;23;4;201514;34820.32;4958
300000950;15;3;201614;40233.25;4109
300000805;16;3;201614;31107.81;3040
300000491;2;1;201614;6912.4;617
300000951;5;1;201701;2595.2;246
300000805;11;2;201617;61738.24;6184
300000491;18;3;201510;68312.69;11333
300000805;16;3;201603;32666.81;4695
300000950;6;1;201706;19060.54;1443
300000491;4;1;201515;7529.47;970
300000491;3;1;201711;8427.4;670
300000950;18;3;201509;10031.89;1474
300000950;12;2;201604;8758.12;1076
300000950;3;1;201611;21117.77;1886
300000805;22;4;201712;4453.69;331
300000491;12;2;201712;14444.9;1038
300000491;19;3;201514;1867.53;272
300000951;3;1;201803;14971.31;983
300000951;2;1;201701;7513.78;762
300000491;10;2;201502;21332.86;3703
300000805;18;3;201604;51671.04;6280
300000443;5;1;201702;13151.92;1091
300000951;12;2;201702;35701.91;3189
300000950;11;2;201712;29018.08;2157
300000491;11;2;201712;50170.16;3518
300000491;20;3;201712;264037.97;20461
300000951;18;3;201714;2007.6;149
300000491;10;2;201712;35743.56;2771
300000805;24;4;201602;11727.54;1536
300000951;21;3;201612;105753.83;9580
300000443;21;3;201608;112701.18;12541
300000951;7;1;201609;36293.16;3654
300000491;3;1;201706;4500.38;325
300000951;10;2;201610;6920;714
300000950;2;1;201607;13404.25;1396
300000443;10;2;201711;9003.4;733
300000950;20;3;201507;97637.11;13750
300000491;1;1;201508;30265.43;5313
300000443;5;1;201507;4297.03;639
300000443;4;1;201507;3083.49;486
300000951;15;3;201717;2043.61;164
300000951;16;3;201708;54826.97;4848
300000443;1;1;201703;33730.7;2733
300000443;9;2;201610;21182.7;2241
300000951;2;1;201606;9573.2;999
300000951;17;3;201508;40334.21;6511
300000491;17;3;201802;29130.9;2022
300000951;5;1;201710;7458.9;637
300000491;5;1;201710;18200.29;1239
300000951;20;3;201603;81981.63;11987
300000950;3;1;201717;15637.67;1110
300000951;6;1;201717;26009.02;1826
300000951;8;2;201517;15884.54;2030
300000950;11;2;201610;27114.68;2507
300000805;2;1;201503;10081.48;1824
300000951;11;2;201710;27562.27;2345
300000805;12;2;201515;3858.69;575
300000805;20;3;201508;18451.48;2846
300000951;24;4;201509;36832.77;5444
300000805;19;3;201509;9514.77;1448
300000951;15;3;201801;47601.39;3475
300000951;12;2;201602;14867.37;1961
300000950;5;1;201602;14078.16;1865
300000951;23;4;201502;11643.75;2306
300000491;15;3;201711;54106.96;4312
300000950;2;1;201708;17290.8;1482
300000443;3;1;201611;25900.23;2493
300000951;21;3;201513;61295.96;6556
300000951;19;3;201513;18035.11;1988
300000805;12;2;201709;13027.01;1073
300000951;10;2;201713;20961.09;1581
300001309;10;2;201713;26521.29;1590
300000950;16;3;201612;67352.38;6053
300000443;23;4;201803;27148.68;1949
300000950;15;3;201608;48399.69;5129
300000950;9;2;201507;9294.66;1350
300000951;18;3;201510;19997.44;3252
300000805;12;2;201510;5208.28;790
300000491;12;2;201510;4952.21;762
300000950;20;3;201604;152112.64;18320
300000950;8;2;201701;31397.34;3278
300000805;18;3;201603;16826.9;2241
300000443;14;2;201517;65809.93;8410
300000491;4;1;201801;4494.9;352
300000950;12;2;201801;18525.6;992
300000951;7;1;201705;14701.59;1182
300000443;16;3;201709;39811.76;2990
300000951;16;3;201701;39334.93;4055
300000443;18;3;201704;29432.72;2520
300000443;7;1;201505;12744.68;2383
300000805;4;1;201701;27649.63;2994
300000950;20;3;201714;16579.44;1265
300000491;12;2;201616;10126.82;738
300000950;11;2;201616;25478.98;1884
300000950;4;1;201509;10029.62;1603
300000443;4;1;201509;7113.66;1196
300000443;8;2;201513;15000.14;1559
300001309;26;4;201802;30148.35;2176
300000805;6;1;201701;1904;192
300000491;18;3;201509;22086.39;3263
300000443;7;1;201515;37486.12;5397
300000951;16;3;201504;6064.77;977
300000805;14;2;201701;32084.17;3386
300000951;14;2;201616;60863.08;4659
300000950;7;1;201605;21300.05;2182
300000443;8;2;201707;9457.68;596
300000951;3;1;201713;1547.7;112
300000950;1;1;201609;72975.19;6906
300000951;4;1;201509;1864.56;336
300000491;3;1;201513;2284.94;255
300000443;18;3;201611;23710.04;2180
300000805;15;3;201602;33381.46;4997
300000950;2;1;201702;17238.6;1579
300000443;3;1;201702;19985.06;1757
300000443;4;1;201516;4980.96;726
300000805;11;2;201607;20561.04;1872
300000443;10;2;201607;18708.85;1784
300000805;5;1;201507;2893.03;425
300000443;15;3;201717;2559;178
300000805;11;2;201613;24125.9;1772
300001309;23;4;201712;6325.06;668
300000491;11;2;201713;19911.92;1284
300000951;3;1;201511;16227.74;2030
300000491;19;3;201510;27522.69;4543
300000950;14;2;201701;59879.38;6090
300000805;12;2;201710;10782.8;892
300001309;6;1;201710;29017.49;2059
300000443;12;2;201714;11807.28;783
300000951;2;1;201610;7882;825
300000951;18;3;201701;15495.86;1689
300000443;8;2;201511;29494.82;4590
300000805;3;1;201503;4520.9;827
300000805;11;2;201608;4367.86;448
300000951;15;3;201502;5569.13;1167
300000443;6;1;201508;10752.07;1957
300000443;9;2;201506;38900.44;6350
300000950;8;2;201802;49975.75;3631
300000805;4;1;201714;12548.3;884
300000491;1;1;201711;21915.3;1709
300000491;5;1;201711;7998.89;652
300000805;12;2;201502;25069.55;4169
300000491;12;2;201502;4105.9;709
300000443;20;3;201502;25652.24;4634
300000491;7;1;201509;32041.81;5134
300000805;8;2;201509;18341.5;3023
300000805;21;3;201517;74899.14;9023
300001309;8;2;201802;17199.86;1319
300000805;3;1;201502;5648.67;978
300000491;23;4;201601;2513.54;365
300000443;22;4;201601;2688.17;377
300000443;21;3;201802;26040.89;1828
300000491;11;2;201803;10812.21;737
300000805;7;1;201506;19457.6;3082
300000443;9;2;201612;12936.8;1172
300000950;12;2;201611;27540.99;2497
300000951;;;201605;1973.02;248
300000805;18;3;201605;21236.39;2101
300001309;17;3;201707;12625.79;974
300000951;7;1;201708;52725.22;4801
300000951;3;1;201708;7048.1;608
300000443;13;2;201604;43182.15;5159
300000491;6;1;201717;16368;1031
300000443;15;3;201607;56980.7;5261
300000805;23;4;201714;37810.95;2641
300000950;;;201707;3957.08;302
300000443;17;3;201701;92301.86;9680
300000443;18;3;201701;29215.01;2936
300000950;18;3;201701;42772.3;4333
300000491;6;1;201803;2361.8;161
300000491;19;3;201703;24854.12;1941
300001309;9;2;201710;20630.4;1723
300000950;4;1;201510;11566.96;1923
300000805;6;1;201510;11078.32;1862
300000443;25;4;201614;12162.66;1129
300000805;27;4;201614;34145.29;3302
300000443;18;3;201802;4944.1;336
300000805;20;3;201802;52050.71;3550
300000805;20;3;201612;224993.41;20488
300000805;11;2;201611;16616.65;1617
300000491;5;1;201704;16981.62;1383
300000491;11;2;201508;15783.89;2382
300000950;7;1;201708;70789.18;7220
300000443;6;1;201713;8724.91;686
300000805;12;2;201610;6249.4;642
300000805;9;2;201605;12117.6;1245
300000491;16;3;201501;21645.86;3930
300000950;12;2;201508;24443.88;4118
300000491;9;2;201509;16492.83;2866
300000805;22;4;201503;2313.33;319
300000491;18;3;201507;71445.69;10191
300000491;19;3;201507;9185.59;1389
300000491;7;1;201612;15413.15;1439
300000950;1;1;201606;78698.16;7797
300000950;2;1;201511;23935.46;3858
300000805;5;1;201610;5532;574
300000805;11;2;201602;13510.53;1790
300000491;18;3;201716;34933.94;2248
300000951;5;1;201712;10239.7;768
300000805;12;2;201704;17036.56;1368
300000491;17;3;201505;23924.52;3874
300000951;23;4;201704;2701.1;192
300000443;11;2;201505;3969.8;573
300000805;16;3;201505;6862.72;1168
300000951;13;2;201801;9248.7;674
300000443;13;2;201607;38113.06;3646
300000443;11;2;201607;5369.62;501
300000491;12;2;201509;17720.61;2992
300000491;8;2;201503;4337.18;838
300000951;2;1;201704;7264.4;554
300000951;6;1;201612;10229.49;918
300000950;19;3;201513;33831.73;3537
300000491;20;3;201513;19694.42;2280
300000443;7;1;201502;26916.74;4330
300000491;12;2;201705;7340.9;549
300000491;28;4;201502;62655.43;12462
300000491;12;2;201717;42087.17;2918
300000950;13;2;201801;3986.5;294
300000950;31;5;201714;4996.47;391
300000443;19;3;201504;24101.57;4142
300000805;4;1;201715;5705.7;430
300000491;3;1;201609;14079.23;1393
300000805;20;3;201607;26769.05;2631
300000951;8;2;201612;23170.27;2063
300000443;23;4;201601;1549.8;206
300000443;5;1;201707;1732.51;141
300000491;3;1;201717;3842.21;233
300000951;22;4;201711;8703.4;700
300000805;12;2;201605;6490.4;668
300000443;22;4;201611;1553.5;114
300000950;14;2;201516;46934.14;6215
300000805;1;1;201613;9554.73;880
300000443;12;2;201506;21941.47;3711
300000950;11;2;201803;19284.84;1307
300000491;23;4;201713;11606.3;902
300000951;14;2;201517;12722.7;1581
300000951;7;1;201606;23068.9;2350
300000805;7;1;201512;9060.73;1502
300000805;21;3;201514;1148.9;162
300000950;7;1;201615;15721.22;1464
300000443;14;2;201508;31629.59;5069
300001309;18;3;201716;13663.56;786
300001309;22;4;201709;11053.91;855
300000951;13;2;201517;6989.07;858
300000443;5;1;201517;5812.46;778
300000951;19;3;201802;5897.5;443
300000950;21;3;201704;2861.44;218
300000951;4;1;201505;4125.28;828
300000491;10;2;201612;34453.63;3118
300000491;2;1;201715;4501.2;331
300000805;3;1;201714;5790;420
300001309;8;2;201715;23473;1629
300000491;1;1;201704;15619.52;1310
300000805;;;201707;5152.27;231
300000805;12;2;201615;1668.7;143
300000443;4;1;201512;4278.28;645
300000443;5;1;201512;1870.93;305
300000805;19;3;201609;67333.51;6871
300000491;2;1;201801;8647.3;641
300000950;13;2;201511;112468.16;18745
300000805;;;201503;978;152
300000443;18;3;201507;12347.36;1714
300000805;5;1;201712;6805.78;562
300000805;2;1;201610;10967.6;1129
300000491;24;4;201609;1264.41;113
300000443;4;1;201610;9273.5;956
300000950;4;1;201605;8556.9;665
300000805;5;1;201605;19689.1;1996
300000805;6;1;201605;9422.96;930
300000950;;;201802;14409.62;970
300000951;26;4;201614;18707.1;1676
300000805;21;3;201614;7522.94;715
300000805;13;2;201703;9156.64;639
300000805;1;1;201507;10393.42;1567
300000443;12;2;201508;11473.66;1882
300000443;3;1;201605;13965.6;1400
300000951;10;2;201605;2927;268
300000950;10;2;201501;11237.47;2030
300000443;8;2;201501;938.98;184
300000443;10;2;201504;23783.85;4179
300000950;15;3;201508;31947.78;5134
300000950;2;1;201616;1738.79;158
300000805;3;1;201616;1309.7;119
300000805;2;1;201509;6876.82;1126
300000443;19;3;201513;7626.45;998
300001309;19;3;201715;7909.53;596
300000805;6;1;201608;4429.79;478
300000950;20;3;201504;12783.91;2379
300000805;16;3;201717;1750.37;131
300000491;5;1;201513;2156.21;244
300000951;16;3;201702;9011.12;781
300001309;3;1;201711;2905.8;235
300000951;19;3;201507;8239.55;1140
300000491;3;1;201510;3356.76;585
300000491;13;2;201701;9048.07;932
300000491;12;2;201701;5112;505
300000950;29;5;201614;4939.93;482
300000805;13;2;201616;4870.1;328
300000491;29;5;201705;2954.1;246
300000950;5;1;201605;2848.9;288
300000951;;;201506;2761.87;431
300000951;;;201705;1921.81;158
300000443;22;4;201616;301;14
300000951;2;1;201502;2622.2;459
300000443;18;3;201609;31646.48;3249
300000951;4;1;201610;2393.3;248
300000805;4;1;201704;3724.29;300
300000443;5;1;201703;2594.2;209
300000491;6;1;201611;10551.81;967
300000443;4;1;201611;8344.99;782
300000443;3;1;201617;929.7;83
300000805;5;1;201615;3246.6;296
300000805;2;1;201704;9622.76;793
300001309;1;1;201716;1520.4;114
300000951;22;4;201712;2713.31;230
300000951;;;201709;1464.73;128
300000950;5;1;201713;5400.5;414
300000951;;;201710;2882.47;254
300000951;4;1;201504;3209.49;566
300000805;5;1;201711;3373.3;271
300000491;24;4;201803;3462.91;264
300000491;19;3;201502;4862.72;908
300000805;19;3;201502;779.79;140
300000805;5;1;201501;4274.45;812
300000805;22;4;201803;1697.22;144
300000951;21;3;201706;270733.32;21199
300000491;18;3;201706;49313.21;3614
300000443;13;2;201516;28524.26;3584
300000951;20;3;201516;93247.95;11803
300000805;16;3;201610;31361.4;3199
300000443;3;1;201607;17818.66;1839
300000443;6;1;201607;172420.49;9770
300000805;3;1;201802;7237.33;536
300000491;21;3;201803;64688.27;4623
300000443;25;4;201714;30572.14;2303
300000805;28;4;201614;250997.53;24069
300000950;17;3;201508;56274.4;9246
300000950;10;2;201708;24436.89;2173
300000443;10;2;201503;35353.22;6670
300000491;11;2;201503;4611.09;815
300000951;19;3;201503;9456.32;1744
300000805;14;2;201503;26259.54;4924
300000951;20;3;201503;89670.52;16801
300000950;28;4;201502;93095.42;18136
300000951;14;2;201610;52141.52;5189
300000805;16;3;201706;48319.72;3902
300000805;17;3;201505;21687.62;3595
300000805;2;1;201614;17205.98;1582
300000951;21;3;201510;63679.28;10333
300000491;15;3;201510;30535.49;4894
300000443;14;2;201510;29818.39;4812
300000951;34;5;201614;96524.93;8890
300000950;1;1;201702;46656.96;4209
300000491;3;1;201702;16343.46;1477
300000805;6;1;201704;24674.6;1927
300000951;9;2;201605;17671.5;1632
300000805;2;1;201605;37160.8;3472
300000950;21;3;201614;42480.48;4142
300000491;15;3;201716;50076.34;2911
300000491;10;2;201716;717259.9;29393
300000805;6;1;201713;687005.6;26685
300000805;19;3;201712;36486.48;2812
300000443;7;1;201713;390208.27;15123
300000491;8;2;201702;13930.38;1219
300000951;15;3;201702;31299.44;2762
300000951;9;2;201701;28950.84;2905
300000491;12;2;201609;9892.11;1019
300000491;25;4;201602;35566.43;5259
300000491;24;4;201602;28709.93;3857
300000951;3;1;201603;6538.13;1053
300000951;1;1;201613;5029.93;514
300000805;1;1;201617;31387.43;3026
300000950;14;2;201502;87713.28;15262
300000805;15;3;201502;19908.33;4054
300000950;15;3;201502;30563.86;6259
300000951;9;2;201801;38538.73;2751
300000950;17;3;201716;83816.69;5398
300000951;8;2;201717;43213.73;3048
300000491;8;2;201717;47870.81;3199
300000950;15;3;201716;46258.19;2997
300000950;4;1;201607;5453.64;565
300000950;15;3;201616;84238.46;6349
300000950;18;3;201712;64893.34;5079
300000491;3;1;201712;15717.78;1170
300000443;18;3;201712;16822.9;1254
300000951;14;2;201617;314706.62;31868
300000951;1;1;201701;21698.25;2206
300000950;16;3;201615;91798.51;9437
300000805;21;3;201705;314551.98;25047
300000950;20;3;201705;316766.09;24791
300000951;16;3;201801;37004.83;2860
300000950;1;1;201802;53664.7;4047
300001309;1;1;201802;11607.19;863
300000951;3;1;201615;33440.34;3098
300000805;1;1;201513;4318.37;581
300000951;13;2;201712;71798.01;5203
300000491;11;2;201801;8714;586
300000805;17;3;201801;89857.46;6732
300000950;7;1;201801;22739.6;1684
300000491;14;2;201717;141046.36;9664
300000950;14;2;201717;220920.06;15475
300000491;7;1;201608;13028.55;1445
300000950;14;2;201507;31559.71;4327
300000491;3;1;201508;16858.18;2589
300000951;19;3;201601;8189.04;1249
300000443;13;2;201601;49902.3;7228
300000950;13;2;201601;46096.46;6865
300000951;14;2;201615;245563.19;23957
300000805;15;3;201615;25138.43;2506
300000951;2;1;201607;8535.78;888
300000805;10;2;201614;20848.98;1859
300000805;11;2;201516;12443.61;1544
300000805;13;2;201516;6246.2;729
300000491;20;3;201803;190741.47;14246
300000951;2;1;201803;9442.8;628
300000443;11;2;201803;11464.4;832
300000491;15;3;201803;61904.02;4038
300000951;20;3;201613;249255.49;20731
300000491;14;2;201613;46380.85;4160
300000491;6;1;201802;28835.86;2114
300001309;13;2;201802;165344.27;11914
300000950;13;2;201802;205043.83;15084
300000491;15;3;201802;23456.1;1643
300000950;12;2;201703;41592.42;2913
300000491;9;2;201604;24033.94;2663
300000950;20;3;201608;193962.01;21209
300000805;20;3;201608;34884.06;3871
300000443;14;2;201608;46559.06;5046
300000950;29;5;201602;111222.68;16026
300000443;1;1;201603;34202.92;5133
300000443;5;1;201612;9474.98;896
300000491;2;1;201615;11013.83;1050
300000951;9;2;201712;46205.66;3324
300000443;6;1;201717;11905.69;842
300000805;5;1;201514;8310.99;1194
300000951;13;2;201514;101691.33;15274
300000951;10;2;201602;16110.22;2024
300000805;22;4;201611;145540.97;13564
300000805;17;3;201510;20691.93;3648
300000491;17;3;201510;32987.37;5581
300000950;24;4;201714;69811.57;5087
300000950;9;2;201703;33029.99;2611
300000951;24;4;201802;52452.38;3767
300001309;27;4;201802;159796.95;11308
300000805;27;4;201802;305704;21385
300000491;27;4;201802;195069.89;13549
300000805;26;4;201702;26509.61;2220
300000951;7;1;201502;9213.83;1596
300000443;21;3;201501;45824.09;8004
300000950;20;3;201602;27151.28;3871
300000951;1;1;201603;15755.52;2314
300000443;7;1;201508;25331.3;4189
300000951;15;3;201508;18991.66;3205
300000443;17;3;201515;16499.66;2516
300000950;10;2;201608;18652.43;1989
300000951;21;3;201801;153471.97;11686
300001309;21;3;201801;97868.22;7530
300000950;13;2;201614;95920.63;8415
300000443;13;2;201614;91987.55;8166
300001309;21;3;201708;35567.69;3466
300001309;10;2;201706;18070.06;1468
300000805;8;2;201717;30937.85;2197
300000443;24;4;201702;102702.24;8983
300000951;3;1;201703;20342.8;1651
300001309;1;1;201712;41415.69;3206
300001309;15;3;201715;46621.45;3382
300000951;6;1;201704;10933.42;882
300000950;10;2;201705;18996.71;1539
300000951;15;3;201705;40840.6;3116
300000805;8;2;201607;12870.65;1248
300000951;11;2;201512;5034.18;820
300000951;16;3;201613;48950.96;4020
300000443;10;2;201517;32192.34;3906
300001309;10;2;201714;38768.28;2760
300000951;2;1;201508;5657.28;886
300001309;15;3;201716;30802.15;1882
300000443;10;2;201609;29418.71;2872
300000951;9;2;201516;19987.67;2418
300000950;15;3;201714;77597.32;5658
300000443;22;4;201714;32364.28;2373
300000805;16;3;201701;31124.46;3196
300000443;20;3;201702;13911.4;1153
300000950;21;3;201702;46946.94;3977
300000951;21;3;201601;47425.56;7244
300000805;6;1;201611;10306.38;988
300000443;15;3;201505;28258.07;4906
300001309;16;3;201714;7210.18;618
300000951;25;4;201714;37586.47;2747
300000443;9;2;201617;88246.55;8720
300000491;7;1;201601;24710.82;3755
300000950;;;201517;1508.16;178
300000443;7;1;201601;31818.16;4282
300001309;15;3;201712;45653.42;3496
300000443;13;2;201705;50775.3;4086
300000951;27;4;201509;83556.96;13056
300000950;21;3;201509;40340.72;6439
300000491;22;4;201509;23363.8;3725
300000805;9;2;201704;25733.87;2134
300000491;1;1;201705;15711;1266
300000443;19;3;201712;19423.56;1448
300000951;12;2;201713;12681.62;843
300000951;12;2;201712;31195.57;2260
300000491;10;2;201615;38027.48;3787
300000805;15;3;201504;27900.44;4844
300000950;8;2;201801;127730.13;7702
300000491;13;2;201704;35049.14;2912
300000805;5;1;201704;27466.91;2203
300000491;6;1;201613;1692.5;147
300000950;21;3;201714;39858.22;2933
300000950;1;1;201714;65963.27;4759
300000443;7;1;201704;35549.62;2555
300001309;17;3;201801;45028.07;3364
300000443;14;2;201714;99837.14;6879
300000443;20;3;201703;51047.23;4082
300000491;18;3;201616;25544.32;1914
300000805;18;3;201616;58667.68;4581
300000443;20;3;201616;217831.43;16966
300000951;6;1;201617;22480.19;2118
300000443;21;3;201607;121876.74;11295
300000805;4;1;201603;10069.06;1482
300000443;;;201602;3575.51;434
300000951;16;3;201611;37898.36;3471
300000491;10;2;201611;15687.46;1466
300000443;9;2;201611;12008.19;1188
300000951;2;1;201504;4280.64;736
300000950;20;3;201503;114970.8;21579
300000951;6;1;201501;6216.34;1122
300000805;25;4;201703;6392.31;511
300000805;1;1;201705;36630.9;2947
300000805;8;2;201803;28940.09;2066
300000951;9;2;201611;23849.51;2309
300000443;9;2;201516;16705.4;2111
300000491;18;3;201711;43528.36;3394
300000951;13;2;201713;69558.51;4497
300000805;20;3;201711;361417.96;29341
300000950;3;1;201608;21921.98;2319
300000491;4;1;201608;10676.05;1136
300000491;20;3;201514;3352.11;484
300001309;14;2;201803;28480.1;1936
300000443;19;3;201514;8455.44;1268
300000950;7;1;201513;100928.75;8221
300000491;3;1;201515;13111.29;1901
300000951;9;2;201617;20152.02;1924
300000951;17;3;201517;37339.3;4626
300000805;14;2;201517;36826.49;4824
300000951;20;3;201606;175854.01;18006
300000491;15;3;201601;28520.93;4065
300000805;15;3;201601;31898.65;4667
300000805;19;3;201603;110662.83;15588
300000951;6;1;201604;13072.93;1620
300000950;1;1;201604;45948.71;5589
300000805;16;3;201513;22053.07;2292
300000950;15;3;201507;49808.35;7008
300000443;7;1;201507;24759.98;2513
300000443;14;2;201707;49469.17;2636
300000491;20;3;201707;231902.88;17049
300000951;20;3;201707;204104.13;14886
300000805;21;3;201707;18128.33;1342
300000951;22;4;201502;7746.01;1492
300000443;;;201711;5059.6;415
300000950;3;1;201710;14149.29;1141
300001309;15;3;201709;39243.83;3144
300000443;6;1;201701;35081;3688
300000805;15;3;201515;25604.07;3646
300000951;18;3;201603;20579.96;2917
300000491;7;1;201505;12587.28;1675
300001309;1;1;201707;12521.26;1003
300000950;15;3;201713;89778.45;6148
300000443;17;3;201712;34303.76;2913
300000951;17;3;201712;65760.99;5064
300000951;20;3;201605;123528.88;12463
300000805;4;1;201502;9676.02;1685
300000951;12;2;201502;8277.74;1501
300000443;4;1;201502;7430.31;1289
300000491;6;1;201706;20189.26;1567
300000951;18;3;201615;1456.19;104
300000805;22;4;201610;1262.8;131
300000950;1;1;201611;59628.51;5629
300000491;7;1;201515;29989.02;4221
300000950;7;1;201610;34566.72;3474
300000951;6;1;201506;10191.04;1671
300000805;23;4;201702;45628.81;3924
300000443;1;1;201511;56225.16;8236
300000443;9;2;201603;17495.11;2614
300000950;6;1;201606;23897.7;2407
300000951;16;3;201606;40176.8;4078
300000443;10;2;201606;35361.63;3634
300000491;7;1;201602;28362.1;3580
300000443;14;2;201514;84810.12;12129
300000805;16;3;201514;23523.19;3042
300000491;8;2;201701;16774.18;1595
300000951;16;3;201616;43138.15;3088
300000491;9;2;201616;27449.88;2405
300000951;17;3;201616;121089.25;9061
300000805;15;3;201712;75630.36;5749
300000805;13;2;201711;25941.82;2066
300000805;21;3;201508;73655.36;12262
300000950;21;3;201508;77472.51;12812
300000491;9;2;201615;51703.21;4750
300000491;19;3;201706;33834.16;2646
300000491;12;2;201706;9385.7;757
300000950;12;2;201705;16438.89;1265
300000491;17;3;201604;62536;7609
300000951;6;1;201502;10106.01;1820
300000805;26;4;201602;11124.78;1562
300000805;27;4;201602;6156.52;956
300000443;21;3;201713;104983.02;7205
300000950;19;3;201713;61043.76;4207
300000805;16;3;201713;55610.74;4004
300000491;22;4;201615;23141.01;2264
300000951;7;1;201616;444893.85;21009
300000443;6;1;201616;665630.46;31408
300000491;7;1;201616;72950.89;4128
300000805;8;2;201616;34660.23;2535
300000491;21;3;201605;140110.39;13885
300000443;9;2;201803;8559.2;629
300000491;8;2;201715;58364.71;4087
300000443;8;2;201715;13070.7;933
300001309;13;2;201715;26365.6;1996
300001309;12;2;201711;27291.61;2218
300000951;24;4;201709;13442.34;1105
300000951;10;2;201714;71016.37;4916
300000443;20;3;201713;189147.73;13343
300000805;3;1;201803;8062.9;532
300000950;15;3;201603;35006.37;5220
300000805;20;3;201716;412953.38;25255
300000491;2;1;201611;18115.6;1658
300000951;8;2;201701;17261.6;1801
300000805;8;2;201611;22464.19;2086
300000491;8;2;201606;20036.91;2060
300000951;14;2;201606;25794.51;2637
300000805;17;3;201509;6639.64;1100
300000443;24;4;201509;39276.43;6403
300000443;16;3;201613;82629.39;6367
300000951;2;1;201614;2690.1;243
300000950;1;1;201715;70656.41;5291
300000950;6;1;201504;15247.22;2606
300000805;14;2;201514;89572.18;13907
300000951;20;3;201514;16160.1;2312
300000443;17;3;201708;62784.25;5471
300000443;9;2;201714;22845.9;1594
300000443;9;2;201605;12645.95;1262
300000950;8;2;201605;19785;2015
300000951;19;3;201801;35850.41;2678
300000443;6;1;201802;10787.41;822
300000805;6;1;201802;32816.99;2143
300000805;2;1;201709;21326.14;1745
300000491;11;2;201709;10993.13;917
300000443;6;1;201516;52894.88;5364
300000491;23;4;201514;40880.41;5642
300000951;1;1;201515;12862.17;1871
300000950;2;1;201506;14824.93;2282
300000805;3;1;201506;4050.16;651
300000443;21;3;201601;42889.83;6465
300000491;12;2;201602;11947.76;1606
300000805;8;2;201702;27183.82;2430
300000950;20;3;201516;107476.41;13641
300000951;7;1;201517;20963.63;2664
300000950;21;3;201516;94603.57;10900
300000805;10;2;201610;25160.44;2604
300000950;8;2;201607;43492.83;4010
300000491;9;2;201617;64020.4;6345
300000950;5;1;201601;6152.05;951
300000443;13;2;201617;272835.52;26491
300000951;15;3;201512;24176.11;3935
300000950;13;2;201703;39446.87;3036
300000491;5;1;201703;4955.67;396
300000951;10;2;201508;14906.12;2335
300000491;21;3;201703;32087.52;2596
300000950;11;2;201707;5410.2;380
300000951;13;2;201707;146509.72;7600
300000443;21;3;201707;59846.41;4302
300000805;7;1;201714;13427.7;977
300000491;17;3;201516;41334.03;5364
300000491;16;3;201516;34642.59;4576
300000951;20;3;201701;195313.9;20185
300000491;6;1;201515;3559.89;544
300000805;20;3;201505;17160.79;2888
300000950;10;2;201511;35769.14;6262
300000950;11;2;201514;11676.66;1644
300000805;11;2;201514;43263.13;6642
300000443;14;2;201802;53325.84;3838
300000805;15;3;201802;22966.3;1622
300000805;16;3;201709;92653.14;7522
300000951;16;3;201709;66259.12;5426
300000443;24;4;201703;2197.6;172
300000951;13;2;201704;39260.67;3233
300000805;8;2;201614;19341.2;1779
300000491;9;2;201614;34468.71;3119
300000951;15;3;201614;38633.63;3540
300000950;2;1;201706;24186.98;1562
300001309;11;2;201706;15195.42;1190
300000491;8;2;201511;21106.69;3753
300000950;4;1;201715;8916.4;695
300000443;19;3;201801;22131.21;1583
300000491;19;3;201801;26689.92;2018
300000950;21;3;201601;73897.2;10787
300000491;9;2;201710;48938.68;4017
300000951;16;3;201710;57195.86;4833
300000491;23;4;201709;16646.47;1283
300000443;9;2;201717;28717.77;1918
300000491;9;2;201717;39929.54;2721
300000951;12;2;201603;2628.5;405
300000805;22;4;201802;56795.41;4079
300000443;16;3;201617;6931.13;677
300000805;3;1;201701;11256.84;1008
300000443;1;1;201606;42454.1;4364
300000950;2;1;201606;18786.08;1877
300000491;12;2;201603;14716.02;2266
300000951;14;2;201603;27433.91;3879
300000443;6;1;201603;21704.06;2804
300000950;6;1;201707;174611.52;7161
300000443;22;4;201802;17841.59;1210
300000443;24;4;201614;57802.09;5456
300000950;26;4;201714;43947.62;3231
300000491;14;2;201510;28173.38;4709
300000950;7;1;201510;42535.87;7097
300000951;12;2;201506;14050.53;2214
300000950;6;1;201506;25542.99;4220
300000805;1;1;201502;10285.74;1796
300000491;2;1;201712;21639.79;1658
300000805;19;3;201707;30618.45;2252
300000950;12;2;201607;8281.67;780
300000443;28;4;201514;73488.58;10720
300000805;1;1;201515;21090.87;3090
300001309;14;2;201708;23935.54;2145
300000491;12;2;201707;10098.71;713
300000805;1;1;201516;6466.5;1094
300000805;16;3;201508;29913.15;4987
300000950;11;2;201508;20028.44;3167
300000951;9;2;201511;26311.16;3909
300000443;1;1;201709;17104.94;1371
300000491;6;1;201704;44389.76;3107
300000491;8;2;201704;11118.18;898
300000443;7;1;201706;16677.84;1326
300000950;23;4;201614;28968.27;2748
300000491;18;3;201505;24578.76;4114
300000950;16;3;201704;93161.64;7746
300000491;2;1;201605;22220.6;2176
300001309;6;1;201706;9629.54;773
300000491;15;3;201503;25396.72;4842
300001309;20;3;201714;12576.48;922
300000951;11;2;201706;15851.41;1260
300000491;18;3;201702;22656.99;1945
300000443;20;3;201711;152274.98;12304
300000950;10;2;201711;53397.1;4302
300000951;;;201711;19024.48;1510
300000491;20;3;201613;41963.72;3291
300000805;16;3;201712;39664.06;2966
300000805;10;2;201716;39658.78;2074
300000950;;;201715;1337;98
300000950;13;2;201501;30192.26;5754
300000951;18;3;201501;10469.5;1875
300000805;18;3;201515;12547.96;1815
300000951;9;2;201514;26269.5;3920
300000491;21;3;201701;187518.44;19729
300000805;17;3;201607;25180.9;2425
300000491;17;3;201607;43691.23;4170
300000950;16;3;201607;54301.14;5153
300000951;5;1;201717;11767.25;806
300000950;13;2;201516;28146.97;3553
300000951;28;4;201502;45663.38;9068
300000951;1;1;201503;7578.3;1481
300000443;21;3;201502;36041.61;7247
300000805;22;4;201502;24202.39;4879
300000443;11;2;201705;11902.1;978
300000805;18;3;201702;26393.31;2222
300000951;3;1;201503;4102.49;846
300000951;4;1;201601;7884.59;954
300000951;13;2;201612;62151.53;5587
300000805;12;2;201617;32616.67;3112
300000951;19;3;201705;23424.39;1867
300000443;14;2;201701;57972.02;5967
300000951;7;1;201613;14495.08;1322
300000491;1;1;201613;23069.99;2211
300000951;18;3;201614;3122;293
300000805;5;1;201515;3046.07;429
300000950;20;3;201509;33639.72;5309
300000443;10;2;201604;26872.52;2987
300000950;11;2;201604;16767.48;1955
300000950;15;3;201712;53554.38;4138
300000951;11;2;201713;17858.45;844
300000491;5;1;201504;1855.51;287
300000491;18;3;201601;46332.96;6532
300000951;16;3;201507;9897.1;1385
300000805;10;2;201502;12014.37;2094
300000491;13;2;201605;12730.91;1303
300000950;17;3;201711;133857.2;10737
300001309;8;2;201801;35707.41;2270
300001309;19;3;201712;13623.86;1045
300000491;14;2;201612;59570.84;5430
300000443;21;3;201510;50058.35;8385
300000443;20;3;201712;138253.77;11176
300000491;21;3;201507;49094.18;7224
300000951;6;1;201508;21615.06;3602
300000443;21;3;201507;56590.08;8352
300000950;13;2;201702;153497.25;14018
300000443;3;1;201507;1909.54;300
300000491;5;1;201507;4780.57;711
300000491;6;1;201507;2948.45;434
300000491;7;1;201507;63504.8;6312
300000951;10;2;201507;3842.61;473
300000443;18;3;201610;62469.7;6418
300000805;17;3;201708;91719.44;7795
300000491;17;3;201708;118943.95;10643
300000491;9;2;201707;12907.45;942
300001309;30;5;201714;7570.57;470
300000443;10;2;201702;64006.76;5772
300000491;16;3;201605;37607.46;3798
300000950;1;1;201516;22198.18;3433
300000443;8;2;201802;17656.06;1298
300000950;12;2;201710;13931.5;1145
300001309;11;2;201709;14280.86;1102
300000951;7;1;201709;21420.47;1720
300000491;4;1;201709;6561.25;556
300000805;28;4;201502;59909.88;12199
300000805;26;4;201502;8725.08;1767
300000951;5;1;201707;4379.2;355
300000950;1;1;201716;19084.4;1354
300000805;15;3;201710;42814.26;3604
300000950;11;2;201515;16986.25;2260
300000950;19;3;201508;17208.17;2885
300000951;15;3;201607;47535.53;4319
300000950;5;1;201611;13932.78;1249
300000443;5;1;201611;21630.36;2072
300000950;4;1;201611;14363.68;1280
300000951;12;2;201803;10803.8;773
300000951;15;3;201708;52868.89;4480
300000443;13;2;201609;54890.95;5640
300000805;14;2;201513;36061.09;3804
300000951;22;4;201709;14132.02;1123
300000491;12;2;201709;1587.5;126
300000443;17;3;201707;19095.98;1294
300000805;16;3;201612;48163.14;4322
300000805;16;3;201608;49211.91;5329
300000443;14;2;201616;91778.34;6955
300000491;13;2;201616;31919.67;2531
300000805;7;1;201704;9181.82;732
300000805;8;2;201604;34803.94;3440
300000950;10;2;201507;5628.5;743
300000443;19;3;201604;27642.3;3302
300000950;14;2;201517;47282.05;6226
300000805;15;3;201517;41326.07;5509
300000951;17;3;201701;88502.58;9136
300000805;10;2;201701;15443.45;1715
300000950;3;1;201711;15441.88;1243
300000950;7;1;201711;31902.53;2532
300000805;20;3;201515;10557.43;1496
300000443;18;3;201515;9440.79;1402
300000443;5;1;201701;3882.2;443
300000950;5;1;201701;6545.27;640
300000951;18;3;201616;54134.72;3962
300000951;19;3;201616;23392.03;1800
300000951;12;2;201509;11184.39;2005
300000805;6;1;201509;5964.55;907
300000491;5;1;201509;5546.56;781
300001309;2;1;201802;11234.61;826
300000951;10;2;201517;39899.55;5034
300000950;3;1;201517;11978.64;1541
300001309;9;2;201708;6128.12;602
300000805;11;2;201802;54198.16;3892
300001309;20;3;201802;26643.27;1919
300000491;11;2;201802;21822.4;1678
300000950;6;1;201701;20209.49;2078
300000491;10;2;201609;23076.46;2348
300000491;8;2;201516;23199.45;3276
300000491;3;1;201705;6278.4;493
300000951;2;1;201712;20627.89;1587
300000950;12;2;201510;15676.16;2430
300000805;10;2;201504;7846.21;1206
300000950;9;2;201504;15102.57;2815
300000491;4;1;201612;8518.19;775
300000950;17;3;201501;24127.35;4473
300000950;7;1;201616;51234.55;3129
300000491;9;2;201502;20215.03;3379
300000443;7;1;201605;41175;4031
300000443;3;1;201505;952.7;203
300000491;10;2;201505;21381.38;3636
300000805;2;1;201609;17671.28;1597
300000805;4;1;201511;19294.88;3129
300000805;14;2;201702;170662.47;15405
300000951;4;1;201612;24440.16;2244
300000443;19;3;201703;30372.39;2438
300000491;16;3;201602;12142.11;1739
300000950;5;1;201516;3807.49;523
300000491;12;2;201607;10091.88;989
300000951;11;2;201715;2181.2;174
300000950;18;3;201715;56423.23;4172
300000491;11;2;201613;37102.35;2778
300000805;1;1;201702;27758.11;2553
300000491;20;3;201601;7463.06;1038
300000951;19;3;201713;38813.62;2813
300000950;22;4;201713;8359.1;570
300000491;22;4;201707;7535.8;552
300000491;12;2;201710;6834.49;581
300000491;9;2;201511;30484.4;5274
300000805;10;2;201511;14722.98;2343
300000805;24;4;201509;19490.91;3082
300000805;10;2;201608;21524.93;2346
300000950;8;2;201716;3987.2;297
300000491;4;1;201504;5945.07;996
300000443;5;1;201504;4167.78;857
300000950;5;1;201508;4339.28;796
300000951;19;3;201709;8827.71;724
300000443;10;2;201506;40001.03;6521
300000443;;;201506;2706.23;378
300000951;14;2;201509;50759.2;8779
300000491;6;1;201714;79131.42;5007
300000491;1;1;201502;14798.75;2490
300000805;2;1;201502;7993.43;1497
300000805;3;1;201706;6204.58;507
300000491;;;201802;3418.1;259
300001309;23;4;201803;6754.4;484
300000443;12;2;201611;29858.27;2781
300000443;7;1;201511;36125.97;5480
300000443;9;2;201709;18338.85;1414
300000950;17;3;201605;58118.89;5880
300000805;7;1;201508;2681.28;410
300000951;5;1;201708;7511.89;629
300000950;20;3;201611;59363.58;5419
300000491;19;3;201701;21313.73;2308
300000491;18;3;201701;37479.59;4055
300000443;9;2;201503;13152.46;2481
300000443;2;1;201504;8485.33;1449
300000491;;;201503;581.2;171
300000443;13;2;201608;33993.58;3595
300000805;13;2;201504;8324.49;1417
300000951;13;2;201510;18852.14;3039
300000951;23;4;201614;17532.15;1583
300000443;17;3;201614;55552.21;4870
300000951;9;2;201517;15579.83;1839
300000951;11;2;201802;46896.65;3612
300000443;19;3;201612;37572.47;3411
300000443;2;1;201616;4572.68;450
300000491;11;2;201611;27414;2503
300000950;17;3;201606;57214.92;5903
300000950;11;2;201717;37906.98;2605
300000443;6;1;201610;40170.34;4077
300000950;9;2;201711;10429.5;812
300000491;12;2;201716;18255.72;1171
300000951;15;3;201509;13228.77;2053
300000951;16;3;201509;10076.57;1535
300000491;20;3;201507;8929.86;1314
300001309;10;2;201801;33553.88;1879
300000805;3;1;201507;61141.6;4658
300000950;16;3;201506;1600.12;274
300000805;14;2;201512;27701.19;4400
300000491;13;2;201509;14925.72;2346
300000805;4;1;201610;3002.3;329
300000950;4;1;201712;7908.77;677
300000950;11;2;201505;9158.86;1717
300000950;11;2;201709;15315.01;1268
300000443;18;3;201710;8995.7;597
300000951;16;3;201717;9332.4;512
300000951;12;2;201801;12826;950
300001309;3;1;201714;4505.6;323
300000950;4;1;201713;3972.3;322
300000805;14;2;201607;21270.93;2032
300000491;1;1;201715;13889;1036
300000491;27;4;201509;26022.79;4197
300000950;11;2;201509;16386.16;2687
300000491;6;1;201703;2988.3;241
300000805;18;3;201513;41183.26;4365
300000443;26;4;201514;17590.87;2493
300000950;12;2;201606;24979.8;2559
300000491;9;2;201504;17207.23;3247
300000805;4;1;201703;5481.68;440
300000805;7;1;201513;18751.36;1981
300000950;6;1;201513;447298.87;31551
300000805;1;1;201503;17205.87;3333
300000491;12;2;201801;12702.8;921
300000805;4;1;201503;3193.82;592
300000951;12;2;201503;6423.81;1209
300000805;4;1;201604;9309.72;1101
300000950;6;1;201711;27810.4;2236
300000951;5;1;201505;5192.4;855
300000491;1;1;201505;6658.6;1128
300000951;3;1;201716;3614.31;243
300000950;13;2;201506;136335.58;22756
300000805;1;1;201711;49810.44;3868
300000443;9;2;201715;14070.7;1063
300000443;14;2;201516;42192.77;5311
300000443;;;201611;6490.51;540
300000443;9;2;201707;2490.6;140
300000443;3;1;201716;2333.4;160
300000491;9;2;201506;34753.41;5492
300000805;7;1;201501;9922.4;1845
300000805;23;4;201510;1156.06;144
300000951;5;1;201705;3240.7;262
300000443;2;1;201715;5323.5;416
300000491;6;1;201610;31356.02;3214
300000805;6;1;201610;17933.78;1715
300000491;3;1;201610;4919.12;490
300000805;22;4;201517;1954.63;270
300000491;10;2;201710;22167.2;1874
300000951;2;1;201801;17147.2;1299
300000950;14;2;201501;29014.2;5265
300000491;10;2;201506;53749.3;8774
300000951;2;1;201507;1163.59;181
300000951;11;2;201608;14412.26;1591
300000491;13;2;201702;20738.27;1883
300000443;19;3;201517;25491.66;2728
300000443;1;1;201509;47059.11;7374
300000805;3;1;201509;8112.01;1307
300000951;4;1;201712;6211;485
300000443;9;2;201711;14073.53;1131
300000491;2;1;201616;3639.3;335
300000443;14;2;201513;29464.96;3348
300000491;3;1;201509;10145.26;1604
300000951;12;2;201608;9329.19;1050
300000805;6;1;201803;6812.11;456
300000491;9;2;201803;20646.81;1417
300000805;7;1;201604;32343.68;3741
300000950;3;1;201501;7226.9;1315
300000950;5;1;201501;2968.7;517
300000443;4;1;201501;7808.69;1408
300000443;3;1;201501;3401.48;655
300000805;6;1;201501;4050.38;711
300000443;13;2;201801;11194.61;778
300000951;5;1;201801;3481.1;259
300000950;12;2;201511;23201.93;3804
300000951;5;1;201512;4884.51;752
300000491;3;1;201709;13916.61;1067
300001309;7;1;201708;15064.7;1305
300000951;;;201512;978.09;135
300000443;;;201715;8594.2;675
300000951;22;4;201716;3238.05;228
300000951;11;2;201605;8674.9;852
300000805;4;1;201605;6648.85;635
300000443;12;2;201608;10702.41;1109
300000491;2;1;201717;18026.03;1294
300000951;25;4;201614;20797.53;1734
300000491;8;2;201509;25841.61;4119
300000443;8;2;201711;18447.4;1478
300000950;2;1;201712;8937.6;665
300000443;3;1;201610;6838.2;705
300000443;5;1;201506;6886.69;1252
300000805;5;1;201506;3527.16;525
300000443;12;2;201504;4551.69;823
300000491;9;2;201606;20096.72;1956
300000951;5;1;201511;3781.44;459
300000951;19;3;201504;6535.6;987
300000951;17;3;201714;5903.1;430
300000805;18;3;201714;2920.6;203
300000951;11;2;201503;5114.44;1043
300000951;23;4;201510;564.72;99
300000950;4;1;201701;1272.9;128
300000805;7;1;201503;5024.4;976
300000951;13;2;201503;2087.55;397
300000950;4;1;201504;8636.33;1500
300000491;6;1;201608;2128.65;222
300000443;2;1;201510;16631.19;2783
300000805;2;1;201607;3134.5;323
300000805;22;4;201711;1771;143
300000951;;;201707;26163.72;1849
300000491;22;4;201601;1173.08;200
300000805;4;1;201710;3157.7;257
300000950;22;4;201616;2973.6;167
300000491;8;2;201601;8318.56;1072
300000443;2;1;201611;16181.19;1545
300000951;5;1;201610;11025.98;1157
300000443;8;2;201706;9901.9;788
300000950;17;3;201502;14065.8;2806
300000951;2;1;201613;3665.7;383
300000491;5;1;201517;5905.09;745
300000443;6;1;201708;7622.99;659
300000805;23;4;201610;1549.9;134
300000951;22;4;201803;3330.2;229
300000951;25;4;201709;2055.93;173
300000950;6;1;201517;7530.53;974
300000951;4;1;201714;5364.4;388
300000805;22;4;201603;1148.7;188
300000443;3;1;201713;2368.1;207
300000950;6;1;201716;1540.7;114
300000951;12;2;201707;4561.62;323
300000491;29;5;201509;525;2
300000491;19;3;201614;7549.58;588
300000805;4;1;201706;1415.4;114
300000443;15;3;201706;15374.38;1243
300000443;16;3;201610;74648;7604
300000951;2;1;201611;21725;1874
300000805;4;1;201607;152657.17;8085
300000491;15;3;201606;51647.67;5219
300000805;7;1;201607;21929.95;1948
300000951;13;2;201607;39023.02;3534
300000950;5;1;201607;4922.46;515
300000805;10;2;201802;90035.64;6501
300000951;17;3;201803;98094.58;6561
300000491;16;3;201803;67778.23;4345
300000491;21;3;201714;34441.27;2509
300000491;28;4;201614;156700.48;14942
300000950;28;4;201614;203842.43;18793
300000805;18;3;201508;31835.33;4839
300000951;10;2;201708;32749.82;3040
300000950;9;2;201708;19179.99;1872
300000805;17;3;201517;15139.8;2151
300000950;16;3;201512;31702;4795
300000443;11;2;201503;5121.56;975
300000805;8;2;201610;19883.92;1993
300000491;15;3;201512;40445.38;5949
300000491;8;2;201709;17047.21;1468
300000805;22;4;201705;21971.55;1786
300000950;17;3;201706;174608.32;13255
300000951;17;3;201706;119707.05;9169
300000951;20;3;201515;88966.48;12386
300000805;11;2;201510;18866.11;3006
300000491;15;3;201515;39334.71;5690
300000443;27;4;201614;229165.14;21422
300001309;3;1;201707;100765.22;3985
300000443;15;3;201704;71342.63;5823
300000491;3;1;201707;121326.9;4922
300000805;12;2;201609;8777.75;891
300000491;1;1;201512;22833.22;3717
300000491;2;1;201512;12794.87;2048
300000443;;;201613;4443.11;386
300000443;14;2;201502;26912.59;4759
300000805;14;2;201502;33443.51;5875
300000491;16;3;201502;9622.93;1878
300000805;17;3;201716;58476.9;4076
300000950;8;2;201717;63575.32;4522
300000951;12;2;201607;6178.76;625
300001309;27;4;201714;208919.46;15300
300000491;15;3;201713;55980.29;3683
300000491;8;2;201714;31621.4;2245
300000491;15;3;201616;71869.38;5506
300000443;16;3;201616;50509.96;3755
300000805;16;3;201616;53608.05;3964
300000805;9;2;201510;33928.77;5296
300000805;19;3;201711;52110.51;4182
300001309;19;3;201711;27586.21;2222
300001309;3;1;201712;18718.09;1395
300000950;19;3;201711;35530.51;2842
300000491;18;3;201615;56710.25;5820
300000805;17;3;201615;33657.33;3408
300000950;16;3;201801;51178.33;3766
300000491;1;1;201802;18674.29;1399
300001309;16;3;201801;28523.86;2116
300000443;21;3;201715;74346.66;5468
300000443;9;2;201716;486255.32;19267
300000491;15;3;201507;31780.66;4386
300000951;21;3;201507;70800.58;10016
300000443;1;1;201508;34495.36;5820
300000491;15;3;201615;59741.94;5966
300000950;15;3;201615;61616.63;6132
300000491;11;2;201614;85646.33;7307
300000805;12;2;201507;4955.04;648
300000491;11;2;201516;34909.22;4462
300000491;12;2;201516;14520.96;1699
300000443;11;2;201516;5860.79;722
300000951;11;2;201803;18379.8;1259
300000950;22;4;201803;2982.8;212
300000950;7;1;201604;38912.87;3812
300000950;6;1;201802;49513.8;3586
300000491;20;3;201801;238374.19;18003
300000951;20;3;201801;227595.68;17657
300001309;20;3;201801;113888.38;8795
300000443;15;3;201802;7435.3;548
300000491;21;3;201707;61143.74;4241
300000805;7;1;201703;15753.77;1259
300000951;11;2;201703;18107.15;1448
300000950;8;2;201703;30923.7;2446
300000951;20;3;201704;217664.27;17647
300000951;22;4;201704;7269.52;582
300000443;17;3;201704;29467.31;2401
300000951;4;1;201609;2618.03;273
300000443;19;3;201608;44357.28;4869
300000491;16;3;201609;89388.44;9188
300000491;30;5;201602;116726.96;17794
300000491;1;1;201603;12832.2;1850
300000950;1;1;201615;58611.65;6075
300000951;;;201614;4359.44;416
300000951;3;1;201717;6683.92;496
300000950;6;1;201514;51585.07;4403
300000950;5;1;201514;13527.33;2008
300000950;3;1;201602;14037.56;1787
300000443;3;1;201602;13967.73;1901
300000443;21;3;201611;193805.17;17872
300000491;22;4;201611;89775.89;8020
300000491;16;3;201510;33084.34;5376
300000491;11;2;201509;51148.98;9257
300000950;14;2;201703;69108.31;5192
300000443;14;2;201703;105820.91;7841
300000950;24;4;201802;45831.86;3152
300000443;24;4;201802;36286.37;2555
300000950;27;4;201802;229550.47;16029
300001309;11;2;201716;11267.88;772
300000950;28;4;201702;225241.79;19061
300000951;8;2;201703;16894.81;1355
300000805;21;3;201602;20798.07;2781
300000950;22;4;201602;36164.2;4900
300000805;23;4;201602;18571.08;3035
300000443;22;4;201602;30383.42;4580
300000805;8;2;201714;16023.7;1116
300000951;1;1;201516;14952.59;1860
300000951;17;3;201608;64884.19;6772
300000443;10;2;201608;25865.76;2559
300000805;18;3;201801;36506.01;2705
300000491;21;3;201801;80205.26;6114
300001309;28;4;201802;102149.94;6639
300000805;13;2;201614;12107.4;1080
300000950;21;3;201708;180125.53;16534
300000951;21;3;201708;127219.78;11826
300000805;21;3;201708;51861.03;4847
300000951;14;2;201706;60600.42;4872
300000805;10;2;201717;33910.93;2410
300000491;7;1;201717;70989.62;4573
300000805;21;3;201716;65209.1;3978
300000491;7;1;201613;403746.66;20521
300000805;8;2;201713;43065.04;3135
300000491;10;2;201703;26695.42;2138
300000805;15;3;201715;54502.35;4133
300000950;3;1;201705;7094.4;569
300000491;6;1;201617;8311.21;817
300000805;17;3;201606;50565.38;5222
300000950;5;1;201512;3917.74;626
300000950;9;2;201613;119803.28;6753
300000443;8;2;201613;34530.36;2957
300000950;18;3;201615;21870.8;1928
300000443;15;3;201507;42919.63;6115
300000443;16;3;201507;30079.33;4153
300000950;3;1;201707;8144.98;670
300000805;4;1;201516;71794.07;5482
300001309;15;3;201714;24768.5;1795
300000951;22;4;201714;26900.23;1986
300000950;16;3;201714;37243.15;2719
300000443;15;3;201701;60336.96;6236
300000805;3;1;201715;13078;965
300000950;7;1;201715;77495.41;5500
300000950;19;3;201704;218064.96;17823
300000443;15;3;201705;50197.29;3959
300000805;17;3;201611;53782.12;4987
300000951;2;1;201612;20813.15;1957
300000805;16;3;201611;67710.64;6334
300000443;10;2;201617;61224.82;5872
300000950;6;1;201601;18226.37;2589
300000491;9;2;201601;17812.78;2432
300000443;9;2;201705;34202.6;2721
300000443;20;3;201704;132704.14;10976
300000805;14;2;201705;33417.4;2595
300000951;23;4;201514;19669.01;2819
300000491;17;3;201514;18300.18;2419
300000491;9;2;201704;20192.36;1588
300000951;14;2;201801;70590.7;5062
300000443;14;2;201801;20130.01;1360
300000951;10;2;201717;97000.85;6835
300000491;8;2;201801;49955.06;3406
300000805;18;3;201613;61991.08;5322
300000950;5;1;201714;11789.2;861
300000951;11;2;201613;15421.18;1292
300001309;8;2;201709;21050.44;1697
300000951;16;3;201714;5689.52;421
300000950;17;3;201801;77212.33;5580
300000491;17;3;201801;67658.05;5028
300000491;14;2;201714;99248.15;7373
300000805;1;1;201704;24425.34;2029
300000491;14;2;201508;34882.11;5484
300001309;12;2;201715;6706;497
300000443;11;2;201601;5152.27;1000
300000443;12;2;201601;3728.57;607
300000950;26;4;201802;39478.16;2565
300000950;10;2;201512;34363.63;5001
300000951;7;1;201712;54921.36;4053
300000950;18;3;201711;42025.27;3369
300000491;;;201607;5121.15;461
300000951;21;3;201705;50882.79;4078
300001309;17;3;201803;54131.92;3536
300000443;2;1;201602;21499.53;2808
300000491;24;4;201601;4500.71;576
300000491;3;1;201608;20970.7;2148
300000443;7;1;201513;33011.91;3515
300000443;2;1;201617;19221.17;1845
300000805;;;201616;332.51;15
300000805;1;1;201604;23796.77;2886
300000950;14;2;201707;66333.08;4060
300000491;7;1;201615;33889.4;3033
300000951;8;2;201707;21474.38;1602
300000443;20;3;201513;90050.18;10183
300000805;21;3;201513;65227.11;7194
300000491;21;3;201513;103185.78;11447
300000443;21;3;201513;46747.35;5549
300000950;21;3;201503;121949.52;23260
300000951;15;3;201706;55556.08;4412
300000443;17;3;201706;83903.28;6419
300000443;15;3;201713;34954.94;2441
300000805;17;3;201712;86757.69;6918
300000950;17;3;201712;91588.81;7232
300000805;3;1;201705;5875.4;475
300000491;3;1;201502;10237.75;1791
300000491;4;1;201502;11152.81;1870
300000951;13;2;201502;60517.11;10766
300000950;7;1;201507;57144.82;5436
300000491;9;2;201507;12518.99;1851
300000443;15;3;201707;70098.67;4292
300000443;2;1;201705;37215.6;2954
300000491;22;4;201610;1449.8;121
300000805;6;1;201515;10801.53;1448
300000951;10;2;201603;20212.12;2965
300000805;15;3;201611;46345.63;4556
300000951;20;3;201611;221876.04;20384
300000950;6;1;201613;15496.22;1402
300000805;23;4;201505;29865.71;5032
300000491;21;3;201505;72518.81;12236
300000951;23;4;201702;39302.89;3169
300000443;16;3;201702;25015.92;2110
300000805;10;2;201606;19228.11;1948
300000805;7;1;201602;19120.83;2529
300000491;28;4;201514;90827;13226
300000805;28;4;201514;109166.3;16101
300000805;22;4;201607;2097.48;166
300001309;13;2;201709;49806.9;4030
300000443;13;2;201711;24942.01;2005
300000805;15;3;201711;47183.73;3732
300001309;1;1;201713;12142.23;1079
300000491;21;3;201508;51488.24;8499
300000443;21;3;201508;35882.67;5977
300000491;1;1;201509;33925.33;5404
300000950;11;2;201703;36137.38;2474
300001309;3;1;201803;4024.3;280
300000805;13;2;201803;67380.44;4437
300000950;19;3;201710;60616.43;5092
300000443;19;3;201501;9421.46;1734
300000950;18;3;201501;11298.56;2074
300000491;20;3;201501;10049.85;1879
300000443;26;4;201602;12771.24;1968
300000805;2;1;201715;17843;1329
300000443;21;3;201615;92741.03;8851
300000805;7;1;201616;36259.55;2622
300000805;20;3;201605;24747.15;2512
300000951;8;2;201715;36159.7;2461
300000805;13;2;201715;31949.1;2386
300000951;20;3;201609;179847.26;18156
300001309;18;3;201714;3975.3;294
300000491;9;2;201613;25978.95;1818
300000443;15;3;201603;23436.1;3371
300000951;2;1;201604;7088.84;871
300000443;12;2;201801;2150.2;120
300000951;12;2;201717;75397.35;5505
300001309;4;1;201801;10195.6;779
300000950;4;1;201801;7939.4;594
300000491;8;2;201616;36323.81;2395
300000443;16;3;201707;26454.82;1657
300000951;14;2;201611;37697.05;3447
300000950;7;1;201606;32179.12;3288
300000950;22;4;201509;42174.52;6570
300000805;23;4;201509;30338.69;4741
300000950;25;4;201509;25287.68;4074
300000805;25;4;201509;35178.85;5447
300000491;25;4;201509;64779.64;10398
300000443;15;3;201613;80531.43;6758
300000805;16;3;201613;31640.58;2523
300001309;21;3;201710;51148.5;4292
300000951;8;2;201504;7885.18;1271
300000951;14;2;201504;11037.76;1973
300000443;13;2;201514;118342.35;17374
300000491;13;2;201514;18722.87;2923
300001309;16;3;201708;26720.28;2517
300000951;10;2;201716;68852.67;3197
300000443;7;1;201512;21929.08;3597
300000491;8;2;201512;23399.52;3607
300000443;10;2;201714;26848.73;1962
300000951;16;3;201605;24800.16;2498
300000951;15;3;201605;37375.53;3806
300000443;8;2;201605;29594.15;2978
300000443;10;2;201605;31622.05;3263
300000443;13;2;201802;190467.12;14016
300000491;18;3;201708;18080.34;1690
300000805;18;3;201708;36141.96;3125
300000491;6;1;201709;25734.9;2065
300000805;6;1;201709;21758.38;1769
300000805;11;2;201709;17036.52;1421
300000491;13;2;201710;45930.57;3754
300000950;15;3;201604;44488.48;5221
300000443;7;1;201602;30468.98;3716
300000443;2;1;201506;4131.01;641
300000951;9;2;201506;12367.14;2032
300000951;15;3;201602;26405.58;3692
300000805;9;2;201602;23891.92;2860
300000491;11;2;201602;56895.03;7266
300000950;12;2;201602;21794.23;2840
300000950;14;2;201612;77670.51;7009
300000443;7;1;201702;36075.19;3333
300000443;3;1;201614;16951.39;1516
300000951;11;2;201614;23749.5;2148
300000805;6;1;201717;25929.63;1761
300000950;2;1;201801;20479.1;1574
300000443;13;2;201606;28771.6;2945
300000443;1;1;201510;44372.41;7499
300000491;28;4;201602;13922.91;2265
300000805;29;5;201602;22854.84;3231
300000951;12;2;201601;5202.91;796
300000950;13;2;201617;183953.78;17937
300000951;6;1;201701;26910.49;2771
300000951;22;4;201702;23195;1992
300001309;13;2;201706;41660.74;3356
300000491;13;2;201706;32674.97;2594
300000443;8;2;201512;22349.04;3659
300000443;19;3;201606;30759.02;3179
300000950;4;1;201503;7787.14;1571
300000950;3;1;201508;18658.64;3227
300000950;1;1;201703;51917.98;4161
300000950;13;2;201707;101266.87;5861
300000951;11;2;201616;8272.36;784
300001309;24;4;201714;44438.3;3281
300000491;13;2;201714;284248.75;19606
300000805;2;1;201506;6150.59;949
300000491;20;3;201516;4784.77;559
300000951;4;1;201517;1478.4;0
300000443;17;3;201516;17881.46;1621
300000805;16;3;201516;24518.81;3391
300000805;17;3;201516;27562.75;3121
300000443;13;2;201701;62498.27;6524
300000951;21;3;201701;95821.45;9480
300000491;5;1;201515;5444.97;905
300000443;5;1;201515;5801.2;810
300000950;14;2;201509;96315.31;15058
300000491;16;3;201503;23483.83;4573
300000491;11;2;201511;57795.83;9806
300000805;5;1;201709;3417.51;262
300000443;11;2;201514;16162.65;2597
300000950;10;2;201514;33637.58;4949
300000805;12;2;201514;25180.18;3684
300000951;6;1;201714;70788.26;4242
300000950;6;1;201508;13557.88;1964
300000805;8;2;201709;21264.81;1731
300000950;19;3;201706;39361.74;3073
300000443;20;3;201802;15476.92;1062
300000443;8;2;201608;12998.16;1357
300000491;18;3;201607;72530.94;6801
300000805;7;1;201614;14250.28;1307
300000443;18;3;201615;28288.57;2666
300000951;12;2;201614;31568.75;2848
300000443;6;1;201614;22355.11;2030
300000491;23;4;201502;18441.97;3803
300000805;8;2;201707;13564.49;892
300000491;19;3;201708;39100.19;3657
300000491;1;1;201602;34922.37;4538
300000443;9;2;201710;14878.3;1265
300001309;20;3;201709;188722.4;14477
300000950;18;3;201803;58366.62;3901
300000805;2;1;201717;13786.07;845
300001309;22;4;201802;14633.9;1048
300000443;1;1;201701;17786.89;2072
300000950;16;3;201617;13231.35;1310
300001309;16;3;201707;39173.56;2406
300000491;17;3;201707;98440.26;6930
300001309;18;3;201713;16262.76;1111
300000443;22;4;201605;3883;374
300000491;16;3;201601;40977.97;6497
300000950;16;3;201601;34132.92;4964
300000951;8;2;201802;33288.88;2492
300000951;16;3;201510;28519;4536
300000951;20;3;201604;137086.95;16615
300000951;10;2;201612;11102.17;1004
300000443;6;1;201707;44485.14;2317
300000805;18;3;201602;18921.09;2700
300000951;16;3;201802;9495.3;684
300000951;11;2;201505;1868.2;303
300000491;26;4;201509;24819.95;4007
300000950;3;1;201506;15742.2;2679
300000443;6;1;201506;24120.9;3817
300000491;8;2;201706;13572.16;1122
300000950;10;2;201615;22912.87;2103
300000805;6;1;201615;2210.72;199
300000950;8;2;201713;40814.03;2766
300000951;26;4;201705;52397.28;4157
300000491;8;2;201609;23472.44;2431
300000950;19;3;201708;39502.62;3670
300000951;10;2;201511;26125.54;4350
300000951;7;1;201515;15405.71;2058
300000491;14;2;201708;48164.19;4042
300000491;6;1;201708;15044.49;1231
300000443;21;3;201515;51984.95;7350
300000491;1;1;201516;18704.02;2668
300000950;21;3;201515;75006.85;10577
300000805;5;1;201512;3463.4;592
300000443;15;3;201708;38679.7;3282
300000491;11;2;201704;14454.6;1115
300000805;13;2;201515;13436.44;1956
300000805;10;2;201609;15158.06;1506
300000491;3;1;201605;9596.7;799
300000443;16;3;201504;19362.83;4205
300000491;1;1;201510;32998.95;5400
300000805;12;2;201511;24411.45;3718
300000805;24;4;201702;44130.82;3857
300000951;12;2;201605;14179.65;1355
300000443;4;1;201704;2818.2;231
300000805;21;3;201711;36897.25;3067
300001309;20;3;201711;132370.85;10680
300000950;;;201711;2917.9;238
300000951;5;1;201614;13246.98;1190
300000950;19;3;201613;46991.42;3884
300000491;16;3;201615;73690.91;7460
300000443;8;2;201714;37114.71;2458
300000950;12;2;201501;7767.73;1362
300000805;13;2;201501;4181.41;770
300000950;19;3;201515;23822.65;3411
300000951;6;1;201516;4340.23;673
300000805;3;1;201514;9587.29;1381
300000443;2;1;201514;18099.12;2684
300000805;16;3;201802;24910.77;1761
300000950;18;3;201702;12044.8;1120
300000951;26;4;201702;43279.17;3734
300000491;21;3;201702;33694.56;2958
300000951;2;1;201608;11200.33;1143
300000950;17;3;201607;58247.05;5539
300000805;18;3;201607;51034.34;4869
300000491;10;2;201507;9352.45;1121
300000951;16;3;201715;78573.12;5777
300000443;16;3;201715;58615.21;4246
300000950;11;2;201705;19615.09;1547
300000951;24;4;201702;68345.56;5912
300000951;17;3;201707;70194.76;5017
300000491;7;1;201710;31959.29;2358
300000443;24;4;201502;19653.26;3836
300000443;15;3;201610;49858.24;5034
300000951;16;3;201617;4002.63;419
300000443;20;3;201614;49781.67;4536
300000950;13;2;201602;84860.04;10853
300000491;14;2;201602;61697.52;8008
300000443;20;3;201613;241615.79;19120
300000491;11;2;201617;113108.57;11038
300000491;13;2;201617;35133.69;3516
300000491;16;3;201603;63140.07;8905
300000950;2;1;201611;28735.24;2736
300000805;7;1;201504;13058.97;2199
300000951;4;1;201602;4915.21;683
300000443;18;3;201601;9227.73;1307
300000443;4;1;201503;2467.3;462
300000491;17;3;201711;80980.52;6491
300000951;17;3;201514;4422.15;642
300000443;18;3;201516;11771.85;1443
300000805;1;1;201511;29615.51;4251
300000951;29;5;201705;2752.8;232
300000951;12;2;201610;12503.2;1244
300000951;9;2;201607;8871.27;838
300000491;2;1;201710;30263.79;1549
300000951;7;1;201508;9365.94;1645
300000951;9;2;201507;7464.39;889
300000951;13;2;201507;12056.81;1626
300000805;4;1;201507;4902.14;806
300000951;12;2;201507;4963.28;623
300000805;18;3;201610;51207.62;5163
300000805;10;2;201801;35898.19;2506
300000805;8;2;201510;26669.88;4229
300000491;1;1;201501;11826.89;2004
300000805;12;2;201702;57046.01;5129
300000805;17;3;201605;30713.39;3168
300000443;9;2;201604;25651.87;2911
300000491;10;2;201604;37676.34;4210
300000950;10;2;201709;24301.87;1931
300000805;2;1;201517;29548.42;3787
300000443;2;1;201601;13218.35;1770
300000951;5;1;201503;2026.92;419
300000805;12;2;201706;8148.92;658
300000950;10;2;201508;18836.08;3173
300000951;15;3;201710;33078.2;2843
300000951;18;3;201515;5346.17;715
300000950;8;2;201606;32516.1;3385
300000491;19;3;201508;23627.86;3862
300000805;3;1;201711;4206.5;339
300000443;2;1;201708;8643.6;682
300001309;3;1;201708;16022.1;1360
300000443;;;201610;4783.7;484
300000951;20;3;201513;94914.89;10042
300000951;19;3;201612;39916.38;3608
300001309;17;3;201712;43290.2;3256
300000443;17;3;201612;108725.37;9722
300000951;10;2;201616;16120.96;1289
300001309;17;3;201709;40515.43;3194
300000491;13;2;201510;15700.59;2701
300000950;11;2;201510;7768.1;1326
300000491;20;3;201604;34147.46;4085
300000805;19;3;201604;20397.8;2479
300000951;5;1;201605;12749.7;1289
300000805;9;2;201701;33077.98;3300
300000443;8;2;201701;25450.78;2759
300000950;4;1;201516;2550.93;374
300000951;7;1;201514;38653.67;5564
300000950;3;1;201801;18582.21;1320
300001309;16;3;201709;32090.3;2532
300000951;14;2;201505;12638.14;2198
300000950;6;1;201505;9337.88;1663
300000491;11;2;201505;11093.18;1886
300000805;12;2;201505;11961.58;2186
300000951;5;1;201516;1221.5;154
300000443;3;1;201701;8625.9;835
300000951;21;3;201714;12865;945
300000950;6;1;201509;17899.62;3147
300000805;5;1;201509;9612.16;1546
300000951;17;3;201702;11198.17;881
300000443;19;3;201610;10766.02;1105
300000805;26;4;201802;18734.72;1309
300000443;4;1;201701;7153.99;771
300001309;21;3;201714;9286.48;686
300000491;9;2;201713;52740.39;3361
300000443;16;3;201711;58725.29;4658
300000443;17;3;201611;155600.04;14482
300000950;12;2;201707;2319.79;179
300000951;10;2;201707;24263.11;1782
300000805;12;2;201707;3837.21;317
300001309;18;3;201711;17346.73;1416
300000443;3;1;201609;5541.27;556
300000951;20;3;201505;102883.73;16853
300000443;8;2;201801;33388.73;2375
300000805;20;3;201611;12047.48;1082
300000805;20;3;201703;27461.15;2183
300000950;18;3;201703;35214.88;2810
300000805;11;2;201601;4755.55;779
300000950;15;3;201602;69690.3;10097
300000491;11;2;201607;18169.16;1731
300000443;3;1;201704;13637.5;1109
300000950;10;2;201613;58846.78;4315
300000950;21;3;201701;177278.88;18793
300000805;19;3;201601;13159.95;2014
300000951;6;1;201602;27451.94;3498
300000950;20;3;201601;79860.07;11821
300000491;14;2;201709;59444.8;4860
300001309;7;1;201714;23090.51;1501
300000951;7;1;201714;9818.2;722
300000443;11;2;201713;9741.76;838
300000443;5;1;201715;13366.92;915
300000443;;;201701;1716.5;209
300000443;4;1;201705;7643.1;607
300000443;1;1;201706;23593.48;1638
300001309;2;1;201707;5198.1;417
300001309;5;1;201710;11733.8;861
300000443;6;1;201710;11939.8;1004
300000805;26;4;201714;30640.72;2205
300000805;17;3;201609;27828.08;2821
300000805;12;2;201701;5060;513
300000950;17;3;201514;6970.93;910
300000805;11;2;201716;5301.55;284
300001309;11;2;201710;1712.9;139
300000950;14;2;201606;47730.5;4879
300000951;11;2;201504;2929.07;575
300000491;5;1;201713;9116.78;722
300000443;7;1;201714;18420.94;1247
300000443;8;2;201604;23331.54;2730
300001309;4;1;201710;3278.8;263
300000491;11;2;201506;81849.48;13414
300000443;3;1;201802;7810.11;566
300000805;14;2;201704;30301.06;2493
300000950;15;3;201607;55621.09;5190
300001309;14;2;201711;27683.42;2217
300000443;12;2;201502;7492.7;1306
300000950;12;2;201502;17273.14;2960
300000950;11;2;201502;15098.16;2511
300000443;7;1;201612;54837.14;4950
300000443;1;1;201803;15098.01;1051
300000950;20;3;201517;97075.12;11861
300000805;15;3;201803;30344.51;2110
300001309;10;2;201711;11668.71;945
300000950;2;1;201714;17986.9;1296
300000443;7;1;201506;29839.16;4876
300000950;7;1;201511;19604.01;2837
300000805;18;3;201715;28783.31;2105
300000951;11;2;201508;981.08;148
300000951;9;2;201508;9533.16;1665
300000443;2;1;201508;9095.35;1387
300000951;3;1;201702;10425.83;944
300000951;16;3;201503;15959.49;3054
300000950;13;2;201705;61249.89;4844
300000805;16;3;201503;20452.94;3793
300000951;3;1;201709;6537.6;553
300000491;17;3;201703;47434.78;3550
300000950;18;3;201504;29312.59;5132
300000951;3;1;201505;9448.21;1450
300000951;20;3;201608;128117.62;13665
300000443;19;3;201802;6827.4;514
300000491;5;1;201510;10362.42;1685
300000443;2;1;201517;18344.13;2277
300000805;3;1;201517;25008.66;3251
300000950;18;3;201612;52419.76;4786
300000491;18;3;201612;28980.28;2655
300000443;20;3;201612;174876.76;15738
300000951;29;5;201602;1569.75;193
300000951;14;2;201501;10679.37;1901
300000443;3;1;201709;10470.77;815
300000950;2;1;201713;10528.3;859
300000951;1;1;201502;10128.67;1888
300000443;16;3;201501;15896.63;2958
300000805;17;3;201501;20170.45;3665
300000805;20;3;201507;22050.41;3240
300000950;18;3;201507;21449.43;3102
300000805;19;3;201507;21248.43;2968
300000951;21;3;201607;144686.08;13157
300000805;19;3;201607;37150.5;3503
300000950;18;3;201607;63005.39;6014
300000443;2;1;201507;1884.84;306
300000491;12;2;201605;5200.3;536
300000805;12;2;201712;15826.99;1183
300001309;12;2;201713;8595.39;601
300000443;11;2;201509;11080.79;1836
300000950;1;1;201507;7169.11;1123
300000950;10;2;201602;35083.56;4516
300000443;11;2;201602;19742.23;2601
300000805;12;2;201602;24894.73;3169
300000951;23;4;201709;3686.2;228
300001309;1;1;201714;13911.2;1026
300000805;11;2;201710;11034.38;886
300000491;15;3;201516;28362.23;3873
300000951;7;1;201607;38399.65;2836
300000950;8;2;201517;38794.74;4876
300000950;26;4;201509;32915.82;5240
300000491;4;1;201511;6240.51;1040
300000951;5;1;201514;2616.57;385
300000443;11;2;201715;8092.71;596
300000951;14;2;201502;41904.52;7094
300000950;7;1;201502;19772.81;2998
300000951;2;1;201702;4952.82;449
300000443;9;2;201514;19599.97;3227
300000491;7;1;201503;914.2;192
300000951;18;3;201502;2219.2;465
300000951;3;1;201604;14742.24;1798
300000491;2;1;201716;2259.6;168
300000443;11;2;201710;9030.68;732
300000805;4;1;201712;2163.68;161
300000805;3;1;201609;16156.4;1567
300000950;3;1;201609;6408.19;641
300000805;8;2;201603;11873.6;1702
300000951;11;2;201606;16348.9;1676
300000491;15;3;201609;23595.63;2371
300000951;9;2;201612;33613.88;3023
300000443;2;1;201717;3878.72;265
300000443;12;2;201710;4934;393
300000805;13;2;201505;2194.26;379
300000805;;;201711;11380.9;846
300000443;3;1;201502;5951.36;1048
300000805;20;3;201701;42491.21;4480
300000443;1;1;201601;35670.04;5041
300001309;19;3;201714;3279.42;242
300000951;2;1;201717;12064.98;708
300000805;13;2;201513;5025.26;522
300000951;5;1;201507;1834.89;262
300000805;9;2;201514;31406.42;4775
300000951;5;1;201608;1920.94;188
300000443;7;1;201514;43722.3;5396
300000951;7;1;201501;3416.24;509
300000950;7;1;201517;17705.37;2222
300000491;;;201516;976.16;101
300000951;3;1;201501;4069.28;739
300000491;3;1;201511;9581.5;1870
300000950;21;3;201605;117655.99;11882
300000805;1;1;201601;30809.06;4555
300000951;7;1;201601;8718.09;1054
300000443;21;3;201517;29409.33;3642
300000491;1;1;201601;44074.82;6386
300000443;3;1;201708;3383.79;272
300000491;3;1;201505;6184.52;995
300000443;7;1;201615;40219.6;3878
300000951;16;3;201513;19882.02;2157
300000443;19;3;201613;31341.82;2668
300000805;22;4;201606;2187.3;209
300000443;14;2;201501;15940.68;2992
300000951;10;2;201704;27612.66;2200
300000805;10;2;201607;18181.82;1829
300000950;10;2;201612;35590.38;3187
300000443;11;2;201605;12265.5;1254
300000950;2;1;201509;13839.64;2087
300000491;22;4;201709;3381.31;225
300000951;4;1;201513;1314.34;179
300000951;5;1;201711;5249.1;428
300000805;13;2;201512;2601.19;454
300000443;4;1;201703;3739.19;319
300000491;12;2;201615;18823.33;1830
300000950;11;2;201615;14858.96;1440
300000951;6;1;201801;3320.8;251
300000805;6;1;201604;7056.58;847
300000805;20;3;201609;32435.02;3328
300000950;6;1;201801;7303.64;457
300000951;7;1;201716;3890.6;289
300000805;9;2;201803;12223.81;873
300000491;;;201606;3245.4;325
300000443;19;3;201614;9214.85;959
300000443;14;2;201506;48331.08;7865
300000951;7;1;201507;34543.47;3180
300000443;4;1;201506;4011.93;552
300000950;5;1;201506;7639.01;1278
300000443;20;3;201510;76912.77;13506
300000805;20;3;201510;24354.96;3996
300000491;9;2;201501;7750.67;1382
300000443;11;2;201504;7315.34;1295
300000805;11;2;201504;8277.34;1335
300000491;7;1;201502;7250.49;1313
300000950;13;2;201507;21909.63;3014
300000443;13;2;201507;43798.67;6073
300000805;;;201611;1808.2;151
300000805;4;1;201702;5977.31;557
300000491;19;3;201715;16254.63;1134
300001309;;;201715;1796;121
300000950;16;3;201614;15935.58;1595
300000805;9;2;201707;8723.2;675
300000951;8;2;201507;7051.37;893
300000951;3;1;201506;1663;269
300000950;11;2;201608;16012.25;1684
300000805;4;1;201803;1897;135
300000951;12;2;201504;3442.95;564
300000805;5;1;201504;1503.6;295
300000951;5;1;201803;7009.1;483
300000950;16;3;201602;16440.45;1996
300000950;12;2;201507;10243.46;1508
300000951;19;3;201701;6464.82;582
300000443;;;201703;1928.51;153
300000951;22;4;201516;1623.96;97
300000950;;;201701;2349.9;244
300000491;19;3;201803;31568.59;2301
300000950;5;1;201609;6538.4;687
300001309;8;2;201711;12906.42;1069
300000951;1;1;201802;6720;501
300000443;12;2;201509;13688.61;2158
300000443;19;3;201803;16879.57;1249
300001309;11;2;201715;2341.5;186
300001309;12;2;201801;1767.2;140
300000443;;;201508;576.67;126
300000805;3;1;201606;1644.3;139
300000951;4;1;201701;2184.7;284
300000443;17;3;201502;3598.39;661
300000491;18;3;201502;4432.5;810
300000950;;;201702;1544.2;162
300001309;5;1;201802;3733.01;304
300000951;19;3;201509;4877.55;822
300000950;19;3;201601;24083.83;3669
300000950;18;3;201502;5667.02;1322
300000805;22;4;201713;3635.79;203
300000950;2;1;201711;5649.7;396
300000491;5;1;201501;2728.26;521
300000805;3;1;201501;2002.54;385
300000950;31;5;201514;0.1;50
300000491;3;1;201512;7785.25;1199
300000443;21;3;201603;933.9;105
300000805;17;3;201714;14948.09;1071
300000951;3;1;201507;734.33;114
300000805;21;3;201502;19886.9;3776
300000950;3;1;201702;10941.76;983
300000951;12;2;201711;8374.8;671
300000491;;;201505;604.11;109
300000951;4;1;201706;8597.1;692
300000951;11;2;201501;2220.85;384
300000443;10;2;201703;47787.01;3436
300000950;21;3;201706;317885.87;25275
300000950;15;3;201706;41478.66;3272
300000805;17;3;201610;55597.64;5514
300000950;3;1;201607;20706.7;1814
300000951;16;3;201803;72187.31;4792
300000443;17;3;201803;70649.07;4752
300000950;8;2;201714;42873.16;3082
300000805;28;4;201714;111610.95;8270
300000950;28;4;201714;240788.33;17866
300000443;28;4;201614;156918.17;14404
300000951;1;1;201615;33115.72;3240
300000491;10;2;201708;24698.84;2332
300000951;8;2;201708;30806.43;2746
300000805;18;3;201517;21221.68;2658
300000805;17;3;201512;29011.29;4422
300000491;17;3;201512;31452.48;4692
300000443;12;2;201503;12904.24;2457
300000491;8;2;201610;32273.42;3351
300000805;15;3;201512;32537.92;4881
300000491;16;3;201512;28597.32;4388
300000950;8;2;201710;45208.28;3744
300000443;8;2;201710;27711.89;2177
300000491;17;3;201706;141309.55;10559
300000443;19;3;201505;91605.27;15666
300000950;18;3;201505;26013.56;4519
300000951;7;1;201506;25312.18;3954
300000443;20;3;201505;50799.65;8681
300000805;1;1;201506;23821.51;4065
300000805;14;2;201515;38739.58;5581
300000950;2;1;201614;27814.26;2563
300000491;3;1;201614;13144.11;1208
300000805;3;1;201614;4566.89;446
300000950;9;2;201510;23301.78;3812
300000951;21;3;201515;56926.1;7787
300000950;8;2;201505;9525.72;1573
300000491;21;3;201512;85164.03;13005
300000805;21;3;201512;78478.75;11708
300000951;2;1;201509;8142.88;1265
300000443;3;1;201707;95028.52;4306
300000805;24;4;201706;6216.98;506
300000951;14;2;201704;110126.1;7509
300000491;22;4;201614;27161.17;2546
300000491;23;4;201614;43468.18;4063
300000491;16;3;201716;43610.27;3029
300001309;6;1;201713;294571.31;11540
300000443;11;2;201609;29696.53;2895
300000491;13;2;201609;4161.8;424
300000443;17;3;201602;16438.94;2049
300000805;25;4;201602;37590.37;5459
300000805;15;3;201612;33253.57;3061
300000950;1;1;201617;47993.31;4484
300000950;4;1;201513;1393.52;161
300000805;20;3;201512;22862.97;3504
300000443;2;1;201702;10307.05;988
300000951;7;1;201512;16575.01;2706
300000805;2;1;201512;10816.31;1761
300000491;15;3;201502;13835.59;2503
300000951;21;3;201502;8997.11;1792
300001309;9;2;201801;28140.86;1970
300001309;11;2;201801;6088.4;457
300000443;4;1;201607;4324.72;451
300000951;14;2;201607;38601.38;3525
300000805;27;4;201714;374035.98;27476
300000805;15;3;201713;80609.25;5584
300001309;8;2;201714;25560.68;1751
300000950;16;3;201616;74380.72;5666
300000491;16;3;201616;46958.62;3435
300000951;15;3;201510;35552.41;5697
300000951;19;3;201711;40459.98;3296
300000491;15;3;201712;86026.11;6452
300000951;15;3;201712;64255.95;4830
300000950;7;1;201617;38614.2;3547
300000443;8;2;201617;67545.38;6657
300000805;9;2;201617;37495.61;3555
300000950;17;3;201615;143752.59;14364
300000491;2;1;201802;19868.13;1460
300000951;1;1;201803;35809.52;2315
300000805;9;2;201716;997531.26;39673
300000491;19;3;201704;193751.66;16305
300000443;14;2;201716;24133.64;1382
300000491;7;1;201713;564173.45;22056
300000491;7;1;201801;30042.53;2220
300000950;6;1;201608;26950.16;2840
300000443;14;2;201507;32076.01;4199
300000951;1;1;201604;9113.71;1148
300000951;15;3;201615;150909.35;14238
300000950;14;2;201615;67301.76;6608
300000443;15;3;201615;79664.77;8246
300000491;17;3;201606;58086.81;5932
300000950;10;2;201516;29129.66;3496
300000951;17;3;201516;22643.95;2955
300000443;10;2;201516;11722.27;1613
300000951;18;3;201516;18324.18;2283
300000950;11;2;201516;12869.15;1676
300000805;20;3;201803;300043.19;22068
300000951;15;3;201803;55168;3912
300000443;15;3;201803;53043.8;3621
300000950;13;2;201613;69823.44;5612
300000950;20;3;201801;236261.96;18166
300001309;15;3;201802;24563.6;1811
300000950;20;3;201708;241877.03;23185
300000491;20;3;201708;249018.2;22959
300000950;21;3;201707;206018.06;15343
300000443;12;2;201703;18620.34;1342
300000950;8;2;201604;39434.89;4560
300000951;3;1;201609;17729.45;1815
300000950;17;3;201608;70221.62;7743
300000950;18;3;201608;34073.56;3601
300000491;20;3;201608;27487.91;2978
300000805;16;3;201609;52021.61;5229
300000443;29;5;201602;97117.31;14473
300000951;20;3;201612;249518.92;22550
300000443;1;1;201615;36076.18;3467
300000951;13;2;201711;37874.43;3047
300001309;5;1;201717;8775.76;632
300001309;21;3;201716;118805.96;7234
300000443;21;3;201716;123692.66;7860
300000951;21;3;201716;147269.51;9553
300000950;1;1;201717;64682.54;4740
300000805;4;1;201514;8860.16;1271
300000491;7;1;201514;38568.71;4827
300000443;5;1;201514;8747.39;1351
300000951;12;2;201514;15735.49;2276
300000805;3;1;201602;18162.87;2407
300000950;24;4;201601;1108.32;124
300000950;21;3;201611;241966.98;22385
300000950;16;3;201510;25653.01;4306
300000443;24;4;201714;56952.43;4214
300000805;11;2;201509;24121.95;4689
300000443;9;2;201509;15090.73;3480
300000950;7;1;201703;11835.57;1008
300000491;8;2;201703;21704.62;1721
300000491;23;4;201802;55631.16;3881
300001309;24;4;201802;24926.4;1735
300000491;20;3;201715;260179.35;19163
300000491;11;2;201716;27531.3;1803
300000950;13;2;201716;65801.74;3629
300000805;13;2;201716;67929.89;4136
300000443;27;4;201702;269431.04;22776
300000805;27;4;201702;23243.72;1965
300000951;8;2;201502;7453.22;1334
300000805;22;4;201602;16363.88;2217
300000491;23;4;201602;21291.48;3036
300000951;14;2;201508;37841.93;6371
300000491;9;2;201508;16757.16;2665
300001309;29;5;201714;4426.1;326
300000805;2;1;201803;15517;1036
300000491;21;3;201713;122068.29;8567
300000491;17;3;201515;31880.83;4319
300000491;11;2;201608;19423.1;2055
300000805;9;2;201802;9345.4;698
300000951;28;4;201802;158161.78;10665
300000443;28;4;201802;44285.89;2863
300000951;20;3;201614;12322.07;1175
300000805;15;3;201614;264301;23654
300000951;21;3;201614;19263.47;1780
300001309;17;3;201716;54690.32;3444
300000443;18;3;201716;32806.64;2071
300000805;2;1;201801;13769.33;1026
300000491;16;3;201717;2788.8;0
300000805;19;3;201716;23583.33;1546
300000951;21;3;201703;80601.04;6234
300000951;15;3;201715;67237.33;4867
300000950;22;4;201703;204997.01;16802
300000950;17;3;201704;53210.64;4362
300000805;1;1;201706;21900.36;1773
300000491;6;1;201512;1683.64;270
300000805;11;2;201517;21307.89;2682
300000951;16;3;201517;21796.81;2706
300000805;13;2;201517;4205.82;527
300000950;10;2;201714;53511.06;3796
300000805;16;3;201507;16381.43;2279
300000951;8;2;201613;589723.09;28165
300000805;2;1;201613;4460.28;404
300000950;1;1;201613;42840.02;4235
300001309;13;2;201716;59779.66;3079
300000491;11;2;201515;19629.69;2871
300000950;9;2;201515;24295.76;3316
300000805;10;2;201515;15633.83;2142
300000951;16;3;201609;49380.94;5062
300000491;11;2;201609;27183.52;2729
300000805;3;1;201516;322362.31;21106
300000443;2;1;201516;11534.88;1687
300000950;15;3;201701;47565.76;5162
300000443;16;3;201701;52582.01;5601
300000951;21;3;201610;122005.35;12679
300000951;23;4;201705;58006.2;4479
300000950;16;3;201611;66589.36;6051
300000805;19;3;201505;15638.13;2797
300000443;14;2;201505;32133.28;5415
300000805;22;4;201714;10685.5;787
300000950;10;2;201502;24331.41;4092
300000950;7;1;201601;15946.27;2320
300000443;15;3;201712;53131.31;4121
300000491;8;2;201705;38456.23;3201
300000951;13;2;201705;42843.33;3460
300000491;7;1;201705;34594.9;2779
300000950;7;1;201705;19061.6;1537
300000805;17;3;201514;12391.09;1752
300000950;2;1;201617;20439.04;1964
300000491;17;3;201612;90264.87;7965
300000805;2;1;201705;14386.7;1175
300000951;9;2;201615;54019.06;5202
300000951;1;1;201505;4822.2;750
300000491;7;1;201704;29186.74;2246
300000491;13;2;201603;41950.32;5938
300000491;15;3;201613;78118.76;5677
300001309;9;2;201716;486584.02;19256
300000443;5;1;201613;7748.5;729
300000805;6;1;201613;3499.1;367
300000950;5;1;201613;1545.49;137
300000491;9;2;201716;85274.8;3317
300000950;14;2;201705;87445.59;6979
300000443;8;2;201704;26624.3;1999
300001309;25;4;201802;24476.72;1722
300000950;2;1;201615;29186.27;3171
300000491;4;1;201615;15450.61;1447
300000950;3;1;201615;26685.53;2814
300000443;2;1;201615;10578.42;1231
300000491;26;4;201614;41182.43;3997
300000950;14;2;201714;260704.92;19017
300000443;23;4;201714;16615.21;1231
300000805;19;3;201616;62387.04;4929
300000950;20;3;201616;242092.88;18512
300000443;20;3;201607;202968.47;19231
300000951;6;1;201608;21540.79;2213
300000951;7;1;201608;17427.44;1738
300000805;10;2;201611;12786.88;1149
300000491;17;3;201503;27777.96;5379
300000805;18;3;201503;42518.1;8210
300000443;20;3;201503;78260.22;14654
300000805;17;3;201715;59131.8;4435
300000491;17;3;201715;100213.16;7459
300000443;17;3;201606;79872.29;7953
300000491;3;1;201715;11926.3;877
300000805;14;2;201615;39504.58;3966
300000950;8;2;201803;113702.05;7722
300000950;15;3;201517;38216.13;4765
300000443;7;1;201611;17157.8;1535
300000443;10;2;201512;47058.81;7026
300000951;17;3;201512;40222.18;6563
300000950;8;2;201516;78465.82;6827
300000443;8;2;201516;14464.57;1791
300000805;13;2;201713;55442.82;3846
300000491;14;2;201713;43411.36;3022
300000491;5;1;201608;2727.18;292
300000491;9;2;201515;19102.31;2672
300000950;17;3;201803;64837.09;4270
300000443;20;3;201514;9712.98;1451
300000805;22;4;201514;29012.61;4251
300000443;2;1;201608;27724.37;2775
300000491;20;3;201706;58355.72;4575
300000491;8;2;201513;17962.02;1944
300000950;3;1;201617;8007.53;672
300000491;14;2;201606;47343.39;4825
300000443;20;3;201603;92099.81;13586
300000491;1;1;201604;20120.88;2512
300000950;16;3;201513;28153.12;3131
300000805;11;2;201714;37770.2;2665
300000491;13;2;201707;115869.45;6239
300000443;18;3;201707;32521.59;2095
300000951;20;3;201502;9722.09;1812
300000805;16;3;201711;59501.09;4777
300000491;18;3;201709;41385.89;3092
300000951;17;3;201710;60629.36;5033
300000443;1;1;201504;25823.78;4196
300000805;10;2;201603;8399.67;1243
300000491;10;2;201603;6692.51;949
300001309;18;3;201706;21754.12;1637
300000950;21;3;201513;77472.48;8010
300000443;10;2;201615;23679.84;2411
300000805;10;2;201615;44514.48;4242
300000443;16;3;201706;17646.18;1383
300000951;15;3;201713;94094.59;6267
300000491;14;2;201605;58410.11;5965
300000443;13;2;201605;38404.66;3879
300000805;15;3;201610;21281.62;2191
300000951;1;1;201611;9533.39;866
300000805;6;1;201502;2478.8;407
300000950;8;2;201507;13641.47;1859
300000491;3;1;201710;23987.4;1728
300000491;17;3;201710;118948.95;9918
300000950;15;3;201707;69280.46;4128
300000491;15;3;201707;70982.15;4574
300000951;6;1;201708;14643.1;1268
300000950;8;2;201705;23618.3;1842
300000491;9;2;201705;15941.6;1288
300000491;2;1;201603;13933.56;2050
300000951;13;2;201803;52029.63;3636
300000950;17;3;201505;39645.77;6828
300000950;16;3;201505;60042.01;10153
300000491;23;4;201702;28591.57;2394
300000951;1;1;201703;7597.36;603
300000491;17;3;201702;18156.78;1556
300000950;8;2;201609;25193.28;2551
300000805;2;1;201511;16017.78;2206
300000951;8;2;201511;26337.9;3803
300000805;18;3;201510;40078.69;6972
300000805;7;1;201606;27588.22;2759
300000443;6;1;201606;33741.01;3295
300000491;6;1;201606;7015.5;701
300000805;11;2;201606;23975;2496
300000951;13;2;201602;64997.2;8171
300000950;26;4;201514;27280.93;3878
300000491;26;4;201514;10121.71;1359
300000443;7;1;201701;17399.14;1820
300000950;8;2;201616;759725.29;36303
300000491;12;2;201802;38283.37;2852
300000951;21;3;201802;41528.91;2940
300000443;20;3;201508;100988.78;16292
300000950;13;2;201803;48322.11;3360
300000950;20;3;201706;67676.98;5184
300000951;16;3;201604;35920.75;4314
300000491;1;1;201605;39556.14;3962
300000443;20;3;201501;43591.76;7981
300000951;14;2;201605;56748.57;5754
300000491;7;1;201605;33615.6;3409
300000491;14;2;201801;55879.81;3973
300000950;25;4;201602;12221.82;1624
300001309;6;1;201715;30362.81;2168
300000443;7;1;201616;93233.51;4789
300000491;6;1;201616;444549.42;21502
300001309;9;2;201803;25535.4;1734
300000950;12;2;201803;22463.4;1555
300000491;17;3;201713;107865.92;7687
300000950;8;2;201715;40524;2912
300000805;8;2;201715;39031.3;2729
300000491;8;2;201716;14868.4;1092
300000443;1;1;201610;35123.96;3685
300000950;21;3;201710;269046.38;22500
300000491;21;3;201710;98688.5;8060
300000950;1;1;201711;90604.2;6958
300001309;21;3;201709;61399.31;4761
300000805;21;3;201709;52671.16;4069
300000805;1;1;201710;52505.18;4315
300000951;1;1;201710;35464.99;3003
300000491;25;4;201714;34108.76;2495
300000950;20;3;201713;289636.28;19535
300001309;20;3;201713;231494.57;15336
300000805;15;3;201603;32220.84;4667
300001309;13;2;201717;137472.61;10159
300000805;13;2;201801;13145.95;965
300001309;13;2;201708;40669.28;3641
300000805;8;2;201708;30394.44;2512
300000805;9;2;201612;45735.67;4039
300000951;1;1;201510;10346.99;1712
300000491;16;3;201613;47434.62;4063
300000951;1;1;201614;28373.71;2484
300000950;16;3;201613;83442.47;6896
300000805;13;2;201514;19703.23;2964
300000950;11;2;201708;12172.79;1017
300000950;7;1;201512;29199.61;4849
300000950;13;2;201714;293816.57;20537
300000951;17;3;201605;98908.97;9983
300001309;6;1;201802;16187.23;999
300000805;6;1;201710;39450.35;3127
300000951;12;2;201710;11341.79;967
300000805;13;2;201710;40941.49;3537
300000491;7;1;201516;39145;3764
300000951;21;3;201604;76957.47;9250
300000951;14;2;201602;61337.61;7747
300000443;1;1;201506;32955.13;5344
300000950;8;2;201602;29218.44;3751
300000443;21;3;201516;39806.74;5286
300000951;17;3;201610;100208.58;10305
300000950;10;2;201610;11317.58;1048
300000950;19;3;201610;42628.52;4264
300000491;4;1;201614;22850.27;2091
300000443;27;4;201602;23216.9;3545
300000805;9;2;201708;15005.47;1418
300000491;5;1;201601;3488.98;539
300000443;5;1;201601;5041.43;829
300000491;18;3;201713;17357.62;1214
300000443;19;3;201705;51081.2;4070
300000491;23;4;201706;11257.42;914
300000805;7;1;201706;17065.34;1358
300000491;19;3;201606;37303.65;3868
300000805;21;3;201606;127787.48;13214
300000951;13;2;201703;25966.36;2042
300000951;8;2;201515;18094.66;2304
300000491;2;1;201515;8001.06;1158
300000443;4;1;201508;8003.37;1399
300000951;20;3;201709;383147.45;30018
300000491;3;1;201617;8050.75;709
300000491;5;1;201616;7483.7;682
300000950;4;1;201616;3814.58;393
300000491;4;1;201616;3223.5;291
300000805;6;1;201616;1276.09;110
300000950;12;2;201714;61544.39;4191
300000443;16;3;201516;42398.8;5823
300000805;20;3;201516;10740.79;1239
300000950;15;3;201516;45317.25;5842
300000491;14;2;201701;53353.46;5203
300000805;16;3;201509;13249.43;2055
300000443;15;3;201503;15707.36;2981
300000805;15;3;201509;29247.18;4429
300000950;13;2;201509;98719.09;15106
300000491;20;3;201505;43558.76;7555
300000951;3;1;201512;12069.38;1954
300000951;18;3;201708;40229.32;3441
300000805;2;1;201608;7763.54;805
300000491;12;2;201514;9845.6;1679
300000491;7;1;201707;25560.43;1788
300000951;12;2;201508;4218.44;643
300000950;11;2;201802;41065.49;2937
300000950;20;3;201802;37287.12;2540
300000491;9;2;201608;24939.5;2529
300000951;21;3;201509;26889.2;3628
300000950;21;3;201609;159331.81;16132
300000950;5;1;201802;13432.02;996
300000491;6;1;201614;10026.09;938
300000805;23;4;201502;21619.34;4403
300001309;17;3;201715;31597.42;2277
300000491;14;2;201503;22162.09;4221
300000950;1;1;201602;47267.08;6435
300000491;20;3;201709;313203.83;24398
300000951;13;2;201709;41351.04;3371
300000443;20;3;201709;175611.98;13448
300000491;4;1;201803;7895.9;525
300000491;11;2;201504;15254.04;2735
300000443;3;1;201603;2133.41;268
300000805;5;1;201603;6956.2;1024
300000443;16;3;201802;7624.4;543
300000950;2;1;201701;39315.38;2764
300000491;22;4;201604;2753.19;342
300000805;16;3;201601;21331.58;3140
300000491;;;201611;2268;205
300000443;7;1;201603;25268.24;3553
300000805;13;2;201709;27529.02;2299
300000951;14;2;201709;37926.83;3033
300000950;19;3;201602;14822.53;2011
300000805;25;4;201614;36064.18;3504
300000950;25;4;201614;22073.24;2248
300000951;12;2;201714;25433.4;1795
300000443;4;1;201505;4331.9;847
300000950;4;1;201505;6599.76;1155
300000491;9;2;201505;1140.3;163
300000805;9;2;201505;9365.9;1589
300000805;6;1;201506;7663.77;1121
300000951;34;5;201705;1308.3;109
300001309;8;2;201713;41589.8;1937
300000491;8;2;201713;80468.95;3430
300000950;3;1;201614;2936.5;268
300000950;4;1;201511;17387;2554
300000443;4;1;201511;6017.85;922
300000491;6;1;201511;4422.29;605
300000443;6;1;201511;26094.94;4844
300000491;13;2;201607;12685.08;1141
300000805;2;1;201611;6570.29;640
300000443;2;1;201610;5692.9;578
300000805;3;1;201511;7763.01;1408
300000951;1;1;201709;34967.01;2909
300000491;24;4;201614;46584.55;4539
300000805;18;3;201505;19516.78;3256
300000491;20;3;201615;31840.6;3089
300000951;8;2;201609;29373.89;2736
300000951;7;1;201614;24663.06;2201
300000950;2;1;201605;13278.85;1228
300000951;2;1;201706;31608.7;2290
300000443;10;2;201706;15336.4;1255
300000951;2;1;201506;4423.74;778
300000491;21;3;201704;9524.02;651
300000951;7;1;201802;33514.3;2445
300000491;12;2;201511;34738.63;5625
300000805;13;2;201511;22538.42;3316
300000951;1;1;201715;23321.63;1722
300000951;8;2;201706;4318.52;331
300000491;20;3;201711;258561.11;21341
300000805;20;3;201613;50486.98;3897
300000491;19;3;201714;11056.46;820
300000805;12;2;201501;2616.88;436
300000443;19;3;201515;12896.48;2155
300000950;20;3;201701;185284.44;19074
300000805;19;3;201702;13530.16;1132
300000950;3;1;201515;12225.85;1723
300000951;3;1;201608;7713.18;817
300000950;12;2;201713;15577.55;1143
300000950;10;2;201715;42429.8;2935
300000951;5;1;201715;20001.22;1268
300000491;14;2;201710;42873.3;3571
300000951;10;2;201712;42704.44;3133
300000491;16;3;201712;79593.92;6081
300000951;1;1;201704;19743.84;1618
300000951;2;1;201515;6666.24;833
300000491;19;3;201611;46669.65;4360
300000950;11;2;201704;14086.13;1177
300000950;12;2;201617;66917.69;6235
300000951;13;2;201611;41416.68;3765
300000805;17;3;201603;20318.74;2753
300000805;10;2;201707;12027.64;889
300000950;15;3;201711;50995.84;4119
300000805;20;3;201509;3609.52;555
300000951;18;3;201604;13154.62;1582
300000951;20;3;201712;273808.44;21773
300000950;5;1;201504;6985.65;1378
300000951;3;1;201602;8907.81;1196
300000805;14;2;201605;33192.3;3402
300000805;6;1;201712;11509.68;850
300001309;1;1;201803;28014.5;1870
300000443;10;2;201712;26768.88;1944
300000491;1;1;201511;33567.96;5032
300000951;7;1;201511;22097.2;3191
300000491;24;4;201713;2052.4;154
300000950;2;1;201610;4065.62;402
300000950;2;1;201710;96930.97;7413
300000950;20;3;201712;267940.07;20488
300000491;;;201506;756.2;122
300000805;11;2;201801;3120;143
300000805;1;1;201501;16578.37;2793
300000951;16;3;201610;59637.32;6196
300000491;11;2;201702;87941.55;7889
300000491;12;2;201702;34610.85;3049
300000950;9;2;201516;31749.4;3714
300000443;14;2;201605;51253.89;5179
300000805;17;3;201802;8859.3;672
300000951;6;1;201710;43020.86;3242
300000443;12;2;201603;39785.32;6059
300000951;19;3;201604;18656.22;2262
300000443;1;1;201517;56737.63;7118
300000443;;;201516;2478.47;298
300000491;2;1;201711;13411.3;1043
300000950;1;1;201503;38984.65;7319
300000951;2;1;201703;11025.1;876
300000950;9;2;201709;37098.34;2984
300001309;15;3;201710;51132.56;4388
300000805;19;3;201508;15170.57;2253
300000950;18;3;201508;17688.95;2483
300000443;12;2;201802;16543.11;1217
300000491;5;1;201602;7613.09;1026
300000443;16;3;201502;12617.63;2483
300000951;2;1;201711;5472.61;456
300000491;4;1;201611;13794.78;1239
300000805;5;1;201611;11851;1111
300000443;7;1;201715;10179.4;777
300000491;17;3;201704;34999.15;2774
300000491;31;5;201714;5386.5;401
300000950;12;2;201609;21416.59;2190
300000443;12;2;201609;15507.45;1609
300000491;14;2;201609;50489.37;5180
300000443;12;2;201513;18991.01;2205
300000805;9;2;201710;24312.99;2045
300000951;10;2;201711;24482.58;1922
300000951;16;3;201707;44579.4;2973
300000950;3;1;201616;5221.9;480
300000951;1;1;201609;19186.3;1931
300000805;14;2;201616;22369.83;1572
300000805;15;3;201616;39239;3138
300000950;6;1;201604;29361.09;3398
300000443;17;3;201709;79881.91;6192
300000951;4;1;201605;3432.65;350
300000951;6;1;201605;22088.66;2157
300000491;15;3;201517;43350.36;5508
300000491;2;1;201705;13427.6;1082
300000491;11;2;201701;32920.66;3365
300000950;10;2;201701;13078.75;1360
300001309;6;1;201711;15538.19;1251
300000950;3;1;201701;22631.67;2223
300000491;4;1;201509;12598.84;1993
300000805;4;1;201509;8867.01;1482
300000443;5;1;201509;9600.8;1574
300000805;19;3;201610;30705.92;3203
300000805;;;201801;5506.4;418
300000491;13;2;201512;16160.31;2531
300000491;7;1;201701;29787.24;2984
300000805;1;1;201614;16653.8;1529
300000443;3;1;201715;4821.2;357
300000443;9;2;201713;20086.21;1374
300000443;3;1;201503;9030.42;1728
300000805;9;2;201515;12080.08;1711
300000951;19;3;201510;10201.2;1678
300000443;9;2;201504;16886.96;2751
300000950;5;1;201612;12333.63;1111
300000443;12;2;201707;11007.24;879
300000443;14;2;201609;41427.01;4219
300000491;5;1;201705;10382.4;842
300001309;18;3;201708;20078.05;2044
300000491;14;2;201506;54126.61;8968
300000443;1;1;201609;46051.29;4532
300000491;2;1;201706;22569.15;1633
300000950;12;2;201512;16931.79;2651
300000443;21;3;201714;10385.2;768
300000950;14;2;201602;105496.31;13768
300000805;6;1;201516;8002.33;1194
300000951;17;3;201607;32881.62;3092
300000950;6;1;201617;29440.25;2786
300000491;7;1;201617;30661.25;2954
300000950;10;2;201704;13796.01;1117
300000805;20;3;201715;329976.85;24975
300000443;11;2;201613;18235.48;1580
300000805;23;4;201803;3704.5;243
300000491;1;1;201702;19616.26;1784
300000491;19;3;201601;13071.29;1867
300000950;3;1;201712;5827;434
300000443;6;1;201715;16848.9;1176
300000950;9;2;201705;16472.01;1253
300000950;18;3;201704;30826.55;2524
300000443;11;2;201709;6622.79;532
300000950;4;1;201709;18735.28;1526
300000951;24;4;201602;30895.36;4353
300000443;18;3;201602;4559.31;688
300000950;8;2;201511;24093.31;3811
300000951;14;2;201511;59716.74;9601
300000805;6;1;201602;1314.08;161
300000950;4;1;201602;9365.04;1269
300000443;11;2;201608;7155.97;733
300000443;14;2;201606;52959.75;5498
300000805;12;2;201612;12141.7;1114
300000491;1;1;201712;40070.55;2990
300000443;17;3;201802;5543.8;397
300000950;10;2;201802;35075.79;2574
300000951;1;1;201705;20216.78;1601
300000443;6;1;201509;25695.02;4317
300000951;6;1;201601;15856.98;2381
300000950;19;3;201517;19109.35;2214
300000443;20;3;201517;72497.58;8537
300000951;17;3;201802;18994.17;1377
300000950;24;4;201514;24430.54;3497
300000805;30;5;201509;1050;4
300000951;22;4;201616;4816.8;422
300000951;24;4;201803;2342.21;157
300000805;9;2;201713;16140.75;1178
300000950;7;1;201506;24337.23;3957
300000805;8;2;201506;19307.57;3036
300000951;19;3;201611;33194.97;3065
300000443;11;2;201611;14134.57;1264
300000491;7;1;201711;21695.99;1750
300000805;;;201715;4484.92;370
300000951;6;1;201511;23112.72;3226
300000805;11;2;201505;10150.72;1652
300000951;18;3;201505;11736.62;2004
300000491;5;1;201708;13092.6;1209
300000950;22;4;201707;5076.72;347
300000951;2;1;201708;6645.3;559
300001309;14;2;201801;14971.51;1155
300000491;2;1;201514;9645.68;1390
300000951;8;2;201514;12283.79;1733
300000443;13;2;201512;64759.09;10303
300000805;18;3;201701;72254.1;7506
300000950;9;2;201503;22020.51;4292
300000443;10;2;201705;21243.5;1723
300000491;1;1;201504;12236.22;2251
300000951;10;2;201504;18744.53;3072
300000805;4;1;201504;13104.75;2117
300001309;31;5;201714;4926.61;365
300000443;18;3;201703;30272.98;2421
300000950;17;3;201504;64193.38;10984
300000491;14;2;201608;54080.08;6011
300000443;15;3;201801;43015.08;2989
300000951;11;2;201510;9375.91;1507
300000951;24;4;201614;63600.63;5204
300000951;22;4;201713;2078;100
300000491;26;4;201802;38784.51;2775
300000805;19;3;201612;44091.29;3979
300000491;19;3;201612;26708.18;2404
300000950;20;3;201612;218355.17;19388
300000951;9;2;201616;40055.94;2993
300000951;17;3;201611;96629.03;9051
300000443;2;1;201704;9215.78;760
300001309;7;1;201716;9716.1;698
300000950;7;1;201501;9165.22;1597
300000805;1;1;201716;11613.4;841
300000491;2;1;201713;6882.6;552
300000950;4;1;201615;1157.82;176
300000951;9;2;201604;21558.78;2445
300000491;4;1;201604;9081.9;966
300000443;2;1;201604;18268.88;2047
300000443;8;2;201509;20849.52;3990
300000950;14;2;201607;37616.74;3514
300000443;10;2;201704;18615.86;1296
300001309;7;1;201801;10977.7;808
300000443;10;2;201709;33572.91;2648
300000491;2;1;201606;12186.3;1250
300000491;2;1;201714;9991.4;724
300000805;17;3;201703;40350.85;3206
300000443;17;3;201604;49195.41;5840
300000950;17;3;201604;63721.39;7704
300000491;18;3;201604;69447.08;8352
300000443;1;1;201507;5384.8;887
300000951;19;3;201602;885.78;119
300000951;19;3;201505;10835.67;1808
300000951;4;1;201803;3722.6;278
300000805;9;2;201715;17943.8;1302
300000805;20;3;201714;2142;157
300000950;6;1;201503;2598.44;487
300000951;14;2;201503;4223.7;736
300000805;8;2;201503;2120.02;399
300000950;1;1;201612;73916.82;6798
300000443;1;1;201612;51037.02;4701
300000950;18;3;201513;21190.66;2267
300000951;18;3;201606;18139.1;1791
300000491;12;2;201606;12373.9;1275
300000443;12;2;201715;12039.7;874
300000951;18;3;201802;6381.9;447
300000805;9;2;201717;43344.55;2946
300000951;13;2;201513;14432.84;1398
300000443;3;1;201606;23462.31;2438
300000491;4;1;201606;15283.65;1571
300000951;11;2;201604;9268.16;1138
300000950;4;1;201604;5487.79;643
300000950;3;1;201604;9728.97;1050
300000491;3;1;201604;11644.5;1358
300000805;1;1;201714;9769.4;727
300000491;3;1;201716;11369.7;844
300000443;19;3;201716;24051.52;1512
300000805;6;1;201711;22730.38;1835
300000805;1;1;201801;16403.7;1205
300000491;8;2;201603;15999.32;2213
300000443;4;1;201709;2960;242
300000491;20;3;201607;23495.09;2262
300000491;6;1;201712;9540.47;705
300000950;12;2;201613;21769.11;1934
300001309;5;1;201707;3683.5;294
300001309;5;1;201713;6180.99;541
300000491;11;2;201717;61890.65;4044
300001309;11;2;201717;32611.51;2356
300000951;3;1;201706;6735.3;271
300000491;4;1;201713;5385.11;416
300000491;31;5;201514;2308.78;366
300000805;1;1;201505;5520.46;877
300000951;2;1;201514;8482.37;1277
300000805;22;4;201609;21994.81;2223
300000491;1;1;201717;10878.73;710
300000491;2;1;201612;21127.38;1904
300000443;5;1;201709;1616;145
300000491;1;1;201616;11089.93;1026
300000443;11;2;201506;15895.14;2670
300000951;6;1;201614;8367.1;732
300000805;8;2;201514;23715.65;3459
300000443;1;1;201501;4541.21;861
300000950;4;1;201716;4067;300
300000951;6;1;201716;7692.5;560
300000443;7;1;201517;10735.4;1376
300000805;12;2;201606;12640.2;1308
300000950;2;1;201502;14293.91;2523
300000950;4;1;201610;9609.1;988
300000951;9;2;201610;33805.34;3441
300000950;3;1;201610;12042.8;1252
300000491;20;3;201512;24492.24;3786
300000443;18;3;201512;23692.15;3099
300000950;2;1;201601;5066.82;657
300000951;3;1;201607;4290.2;436
300000443;21;3;201504;25175.73;4438
300000491;10;2;201513;9859.91;945
300000950;18;3;201613;58112.75;4579
300000950;1;1;201607;30150.53;3105
300000805;15;3;201501;19983.76;3740
300000491;15;3;201501;21286.2;3968
300000950;5;1;201517;9123.08;1196
300000950;4;1;201517;7250.85;919
300000491;10;2;201606;15947.21;1610
300000443;9;2;201607;26679.04;2391
300000443;12;2;201702;25806.51;2327
300000805;13;2;201702;22599.72;2037
300000950;12;2;201702;23528.92;2148
300000950;6;1;201705;25596.1;2055
300000950;11;2;201612;35193.54;3182
300000443;10;2;201612;31539.68;2826
300001309;12;2;201717;20867.88;1493
300000950;4;1;201705;6260.6;494
300000443;11;2;201508;20648.83;3449
300000951;19;3;201508;11249.15;1699
300000950;15;3;201709;55383.25;4421
300000805;5;1;201508;2263;337
300000443;7;1;201708;6261.5;531
300000951;4;1;201614;4263.7;382
300000443;17;3;201715;23721.93;1795
300000950;14;2;201513;36726.69;4188
300000951;3;1;201801;4607.4;326
300000950;23;4;201713;1656.5;113
300000805;19;3;201605;55724.17;5643
300000491;19;3;201605;44739.15;4404
300000443;10;2;201513;17502.03;1625
300000491;13;2;201513;7974.09;851
300000951;18;3;201513;18551.9;2006
300000950;11;2;201513;9430.49;975
300000805;2;1;201707;2987.6;256
300000951;11;2;201705;6084.4;487
300000951;12;2;201604;3581.94;440
300000491;6;1;201604;1539.58;192
300000951;;;201708;8003.62;757
300000805;4;1;201705;1552.1;119
300000950;23;4;201703;1196.41;132
300000491;19;3;201609;57191.29;5851
300000491;;;201707;2646.7;184
300000951;3;1;201715;9657.9;746
300000443;13;2;201504;23937.22;4182
300000805;17;3;201502;4532.76;825
300000951;4;1;201710;5495.09;445
300000950;17;3;201507;33687.72;4720
300000491;4;1;201613;6265.93;594
300000491;5;1;201610;4757.2;492
300000805;2;1;201802;5894.21;468
300000805;18;3;201614;10756.68;808
300000491;20;3;201614;1599.6;131
300001309;7;1;201803;10448.4;736
300000491;1;1;201507;4980.73;751
300000950;6;1;201510;43779.33;7018
300000805;7;1;201510;27811.05;4587
300000491;5;1;201606;3901.1;351
300000805;5;1;201606;1292.3;132
300000950;;;201510;967.24;165
300000950;19;3;201510;34133.45;5795
300000443;19;3;201510;13009.13;2025
300000491;20;3;201510;11400.16;1693
300000805;9;2;201501;2604.48;429
300000491;13;2;201504;12515.7;2150
300000491;14;2;201507;39013.46;5741
300000951;5;1;201617;4582.91;472
300000443;20;3;201504;35032.89;6582
300000805;17;3;201614;12257.25;1104
300000491;3;1;201713;1973.2;174
300000491;6;1;201504;1256.78;191
300000443;3;1;201714;6558.4;468
300000443;12;2;201507;11515.77;1753
300000950;;;201615;1781.8;161
300000950;;;201512;976.5;5
300000443;4;1;201712;7334.7;570
300000805;19;3;201803;29768.75;2139
300000491;24;4;201608;699;111
300000491;6;1;201609;4819.59;453
300000805;22;4;201601;739.92;127
300000491;2;1;201507;1782.96;268
300000950;24;4;201803;2578.5;131
300000951;3;1;201610;6045.22;636
300000443;5;1;201510;10388.54;1639
300000805;30;5;201714;4157.16;307
300000951;24;4;201502;11429.57;2336
300000491;;;201513;4048.13;401
300000805;20;3;201601;10745.24;1644
300001309;4;1;201717;6055.72;438
300000443;4;1;201717;4861.81;355
300000951;25;4;201502;9067.81;1782
300001309;15;3;201717;5402.58;306
300000491;6;1;201716;1834;137
300000443;31;5;201509;787.5;3
300000950;29;5;201514;2100.1;453
300000951;5;1;201504;897.4;171
300000443;22;4;201610;3194.9;308
300000491;20;3;201503;20103.8;3738
300000805;19;3;201614;5541.22;453
300000950;2;1;201716;3845.1;275
300000805;13;2;201615;24943.89;2484
300000951;19;3;201714;1939.7;144
300000950;15;3;201703;74257.78;5826
300000950;25;4;201702;39227.91;3301
300000443;7;1;201703;44440.17;3503
300000805;21;3;201706;310862.66;24595
300000443;18;3;201706;26683.3;1982
300001309;21;3;201706;79227.56;6053
300000491;15;3;201706;49891.05;4061
300000491;14;2;201516;30411.68;4217
300000491;16;3;201610;112467.9;11496
300000950;16;3;201610;46576.82;4608
300000491;17;3;201610;68505.64;7068
300000951;10;2;201607;20105.89;1950
300000951;11;2;201607;11582.73;1081
300000491;5;1;201607;6083.33;630
300001309;10;2;201802;42352.12;3027
300000491;10;2;201802;52398.08;3758
300001309;16;3;201803;56266.84;3473
300000805;16;3;201803;53492;3461
300000805;1;1;201615;34084.06;3386
300000491;18;3;201508;53782.08;9264
300000951;9;2;201708;22928.36;1990
300000491;17;3;201517;50552.61;6434
300000491;18;3;201517;58112.6;7152
300000443;16;3;201517;37822.6;4857
300000951;18;3;201503;7456.8;1285
300000491;13;2;201503;8564.5;1677
300000491;16;3;201707;69900.15;5102
300000950;21;3;201705;133839.09;10734
300000950;20;3;201505;64380.53;11547
300000951;8;2;201614;23970.64;2157
300000951;9;2;201614;34187.76;3039
300000950;10;2;201510;37015.46;5953
300000443;14;2;201515;50998.03;7221
300000491;13;2;201505;6879.34;1173
300000443;15;3;201510;34658.29;5581
300000950;16;3;201508;52123.12;8223
300000950;8;2;201704;11736.96;878
300000805;19;3;201704;230229.89;19027
300000951;27;4;201614;133444.47;12143
300000951;29;5;201614;31129.54;2715
300000443;22;4;201614;28774.5;2812
300000950;14;2;201716;57716.07;3613
300000805;20;3;201712;360880.93;28837
300001309;20;3;201712;166083.54;13155
300000951;14;2;201702;176125.98;15577
300000805;17;3;201617;3250.08;382
300000443;2;1;201701;21228.51;1726
300000951;18;3;201609;21442.1;2155
300000805;13;2;201609;10176.44;1024
300000951;19;3;201609;45527.73;4640
300000491;15;3;201612;75922.82;7001
300000805;2;1;201617;10065.13;972
300000950;2;1;201513;6121.6;792
300000951;11;2;201513;8376.08;866
300000491;6;1;201513;6888.81;842
300000950;3;1;201513;9790.68;814
300000443;1;1;201512;33921.16;5309
300000443;14;2;201511;48921.41;7961
300000950;2;1;201512;18549.88;3015
300000951;1;1;201617;28468.6;2678
300000491;22;4;201712;3070.6;236
300000951;3;1;201712;6860.28;509
300000950;8;2;201617;66561.71;6206
300000491;16;3;201801;58728.47;4384
300000951;8;2;201513;21434.52;2497
300000443;16;3;201716;23424.17;1545
300000443;17;3;201512;40581.88;6337
300000951;7;1;201801;23393.61;1765
300000805;3;1;201508;9006.28;1631
300000805;12;2;201601;6048.16;871
300000951;20;3;201601;85444.84;12073
300000951;18;3;201601;10972.36;1544
300000805;14;2;201603;29711.65;4169
300000491;6;1;201603;16936.9;2041
300000443;14;2;201615;75004.13;7113
300000950;16;3;201606;46214.22;4741
300000491;16;3;201606;53360.15;5481
300000443;9;2;201614;56062.45;5071
300000951;13;2;201614;84967.52;7650
300000951;13;2;201802;270216.68;19422
300001309;20;3;201708;161480.14;14845
300000443;2;1;201709;11918.49;961
300000950;6;1;201703;22971.04;1859
300000805;8;2;201703;19739.42;1611
300000805;9;2;201604;24337.21;2679
300000443;14;2;201704;51746.34;4251
300000491;14;2;201704;59485.75;4800
300000491;21;3;201608;96218.9;10601
300000951;5;1;201609;5985.73;614
300000950;15;3;201609;47125.79;4820
300000805;1;1;201603;17141.65;2571
300000950;12;2;201612;23881.66;2142
300000950;13;2;201711;71127.82;5643
300000491;1;1;201713;8411.9;634
300000950;17;3;201610;120124.73;12161
300000443;4;1;201514;7934.61;1140
300000491;4;1;201514;19003.16;2908
300000951;11;2;201514;8027.85;1142
300000950;3;1;201514;20147.58;2946
300000443;16;3;201510;30348.62;5590
300000491;24;4;201714;92524.48;6815
300000491;10;2;201509;15185.11;2667
300000950;10;2;201509;22054.38;4476
300000951;16;3;201703;61876.04;5071
300000951;10;2;201703;15736.88;1241
300000443;23;4;201802;22220.09;1632
300000491;3;1;201703;13370.53;1091
300000950;2;1;201703;11245.24;898
300000950;27;4;201702;223799.41;19077
300000443;28;4;201702;95433.8;8380
300000491;26;4;201702;30830.07;2613
300000805;2;1;201703;20250.67;1596
300000491;22;4;201602;30039.75;4294
300000443;13;2;201602;115971.75;14745
300001309;28;4;201714;93180.18;6987
300000950;;;201801;18559.76;1382
300000951;18;3;201801;15541.71;1183
300000443;12;2;201614;27247.48;2449
300000950;14;2;201614;287585.26;25666
300000443;14;2;201614;316359.52;28223
300000443;21;3;201708;42558.54;4105
300000443;7;1;201613;93493.23;5172
300000951;7;1;201717;61504.5;4289
300000950;1;1;201712;60432.16;4745
300000491;21;3;201712;109461.94;8504
300000443;21;3;201712;106880.54;8485
300000491;22;4;201703;58569.57;4738
300000950;1;1;201706;42034.92;3257
300000951;12;2;201617;41442.84;4007
300000950;5;1;201617;5051.21;509
300000805;6;1;201512;2070.15;383
300000491;10;2;201613;32058.54;2194
300000805;10;2;201613;22252.54;1909
300000951;20;3;201517;109403.18;14121
300000491;17;3;201507;27197.24;3989
300000950;2;1;201613;13188.55;1237
300000805;14;2;201716;26492.34;1437
300000443;14;2;201710;28692.97;2417
300000443;9;2;201515;27563.09;3788
300000950;10;2;201609;51532.76;5177
300000805;11;2;201609;21985.88;2263
300000491;3;1;201516;10661.18;1639
300000491;4;1;201516;376741.89;25177
300000951;13;2;201609;21705.61;2194
300000491;5;1;201609;7115.15;694
300000805;5;1;201609;8364.59;836
300000950;4;1;201609;3241.01;312
300000805;7;1;201609;8227.05;845
300000491;7;1;201609;1374.1;143
300000443;4;1;201609;8174.95;825
300000951;15;3;201714;46961.03;3341
300000443;2;1;201706;5687.98;434
300000950;15;3;201705;60406.2;4737
300000805;17;3;201705;26817.71;2052
300000805;16;3;201705;45081.44;3568
300000491;17;3;201611;92536.49;8490
300000443;15;3;201611;62495.96;5768
300000950;15;3;201611;85157.03;7892
300000950;25;4;201714;34091.14;2474
300000805;7;1;201601;17989.83;2656
300000951;14;2;201601;27650.86;4018
300000443;8;2;201601;23534.14;3542
300000950;10;2;201601;1066.84;204
300000443;7;1;201705;28170.39;2180
300000491;21;3;201509;27776.23;4517
300000805;14;2;201509;84699.09;13874
300000951;28;4;201509;45961.76;7352
300000951;8;2;201705;12896.8;1022
300000443;12;2;201713;11857.7;983
300000950;8;2;201615;26551.32;2460
300000951;21;3;201504;50670.92;8684
300000443;14;2;201504;35270.45;6119
300000491;16;3;201504;37468.59;7297
300000805;8;2;201801;21366.8;1491
300000951;8;2;201801;84008.61;5474
300000491;10;2;201704;6732.44;519
300000951;21;3;201704;82236.28;6780
300000805;13;2;201603;29290.42;4296
300000491;18;3;201613;130636.1;10137
300000950;17;3;201613;112898.1;9235
300000951;3;1;201614;6029.1;509
300000950;20;3;201715;254530.16;18832
300000443;19;3;201715;39163.65;2917
300000950;22;4;201802;40932.8;2800
300000950;16;3;201802;27707.4;1966
300000443;3;1;201615;11439.65;1249
300001309;23;4;201714;21184.12;1566
300000950;22;4;201702;56423.16;4702
300000950;17;3;201616;89988.01;7085
300000491;20;3;201616;83431.98;6825
300000951;21;3;201616;275160.57;20449
300000950;20;3;201607;176102.38;16734
300000805;17;3;201503;26401.77;5014
300000491;18;3;201503;36723.01;7112
300000443;18;3;201503;16237.23;3019
300000950;18;3;201503;33647.29;6255
300000951;4;1;201501;1030.15;195
300000951;17;3;201715;123149.79;9047
300000805;16;3;201606;24385.93;2530
300000805;14;2;201508;28350.18;4629
300000951;7;1;201715;24481.44;1541
300000443;16;3;201704;98201.1;8091
300000443;10;2;201601;2020.63;379
300000491;14;2;201803;63676.84;4440
300000443;14;2;201803;28060;1995
300000443;15;3;201517;42832.6;5452
300000805;9;2;201611;32166.5;2992
300000443;15;3;201605;61932.42;6318
300000950;15;3;201605;75754.46;7504
300000491;9;2;201516;18039.21;2278
300000443;13;2;201713;22818.84;1778
300000950;13;2;201713;53883.26;3889
300000491;7;1;201712;36570.69;2526
300001309;14;2;201713;21370.87;1462
300000951;9;2;201608;11952.48;1114
300000443;3;1;201608;7958.64;830
300000443;;;201607;4725.8;464
300000951;15;3;201515;18202.39;2515
300000950;11;2;201706;11545.52;880
300000951;25;4;201514;11582.78;1614
300000951;21;3;201608;126265.46;13890
300000950;14;2;201608;40740.38;4449
300000805;15;3;201608;30268.58;3225
300000491;15;3;201608;57780.95;6165
300000950;21;3;201612;161859.51;14714
300000805;9;2;201513;37312.99;3580
300000950;4;1;201617;13146.51;1141
300000950;10;2;201517;19884.31;2494
300000950;13;2;201517;53379.44;6616
300000950;20;3;201603;91452.62;12973
300000950;2;1;201604;19926.19;2323
300000950;15;3;201513;45424.43;4848
300000491;16;3;201507;32371.47;4523
300001309;14;2;201707;37735.16;2501
300000950;20;3;201707;162886.79;11939
300001309;20;3;201707;101385.22;7741
300000950;6;1;201615;56725.59;4692
300000951;7;1;201711;35573.39;2862
300000805;2;1;201712;23783.74;1725
300000805;7;1;201711;37458.16;3018
300000491;15;3;201709;81455.39;6349
300000950;18;3;201709;54292.2;4225
300000805;18;3;201709;38000.04;3056
300000443;10;2;201710;21786.89;1810
300000805;17;3;201710;80005.88;6467
300000950;17;3;201710;80143.57;6605
300000950;14;2;201515;46295.68;6717
300000443;3;1;201703;8380.3;727
300000491;14;2;201513;31365.73;3406
300000443;1;1;201514;36653.91;5293
300000951;9;2;201505;11301.6;1834
300000491;11;2;201615;52627.43;4619
300000491;14;2;201706;60594.05;4823
300000443;20;3;201706;26145.62;1941
300001309;20;3;201706;18090.27;1402
300000951;10;2;201502;12157.91;2197
300000805;7;1;201502;6379.95;1056
300000443;5;1;201502;8548.74;1482
300001309;2;1;201712;11063.08;837
300000805;9;2;201507;12239.81;1493
300000950;17;3;201709;75670.04;5855
300000951;15;3;201707;119896.45;7430
300000950;2;1;201705;23148.2;1868
300000951;16;3;201705;37808.5;3038
300000950;13;2;201606;29630.71;3034
300000950;5;1;201515;2408.88;302
300000805;2;1;201603;3116.66;443
300000491;15;3;201611;77567.54;7300
300000443;16;3;201505;34852.8;6241
300000951;5;1;201506;6885.16;1160
300000443;22;4;201702;45930.11;3958
300000491;28;4;201802;120214.94;8218
300000951;1;1;201501;8058.55;1467
300000951;15;3;201609;48111.99;4967
300000950;7;1;201609;43913.89;4636
300000491;9;2;201609;17835.45;1867
300000950;1;1;201511;79416.6;11024
300000951;9;2;201510;4021.84;657
300000951;17;3;201603;46697.35;6931
300000443;20;3;201605;185302.14;18340
300000951;12;2;201606;9154.9;890
300000950;9;2;201606;18835;1902
300000950;6;1;201602;39298.4;5060
300000950;14;2;201514;121160.75;17704
300000491;16;3;201514;10153.71;1174
300000443;17;3;201616;76438.51;5850
300000950;7;1;201701;31735.22;3175
300000951;14;2;201701;64718.5;6623
300000805;8;2;201701;12389.75;1324
300000950;15;3;201801;52313.47;3658
300000951;12;2;201802;39269.16;2919
300000443;11;2;201801;12993.52;865
300001309;7;1;201802;23990.62;1800
300001309;21;3;201802;13541.51;919
300000443;1;1;201713;4140.3;332
300000951;7;1;201509;15376.67;2230
300000951;12;2;201706;10746.22;863
300000491;13;2;201705;21785.6;1721
300000443;21;3;201604;81917.84;9857
300000805;21;3;201501;28941.07;5285
300000491;21;3;201501;40621.01;7673
300000951;13;2;201605;45701.24;4617
300000805;6;1;201715;38795.72;2547
300000805;21;3;201605;123169.94;12512
300000443;19;3;201605;25887.95;2658
300000951;9;2;201713;62076.28;3836
300000950;17;3;201713;94283.48;6469
300000491;14;2;201711;69951.68;5561
300000805;14;2;201711;30897.31;2479
300000491;12;2;201711;5951.68;479
300000491;;;201710;15743.31;1311
300000805;21;3;201710;65768.78;5471
300000805;14;2;201710;50415.24;4272
300000491;21;3;201709;135460.7;10415
300000443;1;1;201710;30363.49;2474
300000950;7;1;201803;10660.9;743
300000491;1;1;201801;31574.34;2250
300001309;20;3;201716;191680.03;11426
300000950;20;3;201716;419114.45;23731
300000805;20;3;201610;157683.3;16163
300000951;6;1;201611;18634.18;1805
300000491;8;2;201708;36871.42;3341
300000950;9;2;201612;34021.7;3056
300000805;8;2;201606;33815.72;3502
300000950;18;3;201605;51278.52;5097
300000950;15;3;201613;69751.62;5557
300000805;17;3;201613;26367.04;2174
300000443;21;3;201703;49991.15;3994
300000805;8;2;201504;13688.03;2467
300000443;7;1;201504;20740.94;3527
300000491;7;1;201504;20375.72;3620
300001309;3;1;201709;11064.83;891
300000491;16;3;201708;87753.27;7546
300000950;16;3;201708;67007.8;5876
300000951;18;3;201713;32066.27;2060
300000805;11;2;201605;18518.75;1849
300000805;10;2;201605;18032.85;1851
300000950;6;1;201709;47206.1;3771
300000950;7;1;201709;18311.44;1482
300000951;13;2;201710;59770.95;5053
300000805;7;1;201516;16450.82;2076
300000443;22;4;201514;35304.67;5091
300000443;27;4;201509;103234.33;16068
300000951;10;2;201702;38018.28;3410
300000805;1;1;201517;46407.25;5726
300000443;11;2;201610;15712.32;1558
300000951;10;2;201614;57227.68;5080
300000491;2;1;201510;13363.64;2264
300000950;9;2;201508;23143.8;3556
300000951;7;1;201603;6050.01;855
300000950;27;4;201602;5577.93;689
300000443;10;2;201708;7433.31;628
300000443;4;1;201601;10832.45;1704
300000443;18;3;201606;33263.6;3458
300000951;6;1;201607;129249.19;7131
300001309;7;1;201706;19477.28;1566
300000951;12;2;201703;10732.52;886
300000950;4;1;201703;8348.48;660
300000443;1;1;201515;32737.34;4427
300000805;27;4;201514;13682.68;2009
300000805;2;1;201515;11255.35;1475
300000805;4;1;201508;13015.51;2209
300000950;9;2;201512;30448.11;4894
300001309;8;2;201710;16544.97;1302
300000805;21;3;201703;40592.03;3268
300000950;20;3;201703;25456.07;1953
300001309;2;1;201715;7557.9;558
300000491;10;2;201707;33158.53;2381
300001309;13;2;201707;104539.19;5206
300000491;12;2;201708;18030.5;1584
300000951;12;2;201616;8278.51;570
300000805;5;1;201616;1529.79;130
300000951;13;2;201714;168895.82;11713
300000805;13;2;201714;433503.42;29829
300000950;17;3;201516;62422.86;6538
300000951;2;1;201517;12061.83;947
300000491;15;3;201701;57451.72;5798
300000951;6;1;201705;13366.3;1048
300000443;16;3;201705;32092.49;2584
300000950;15;3;201503;40867.54;7614
300000443;13;2;201509;73296.51;11775
300000491;14;2;201509;57304.36;9934
300000950;3;1;201613;9036.07;869
300000805;11;2;201511;45969.51;7859
300000951;9;2;201513;6638.19;739
300000491;11;2;201514;57554.38;8530
300001309;4;1;201707;1920.78;152
300000951;13;2;201508;8204.32;1351
300000491;7;1;201508;3069.21;481
300000805;6;1;201508;7274.41;1205
300000805;6;1;201607;1382.5;143
300000805;14;2;201802;55936.08;4192
300001309;14;2;201802;77975.97;5505
300000951;2;1;201710;48921.57;3523
300000491;1;1;201710;28643.77;2342
300000805;2;1;201714;18714.88;1356
300000443;14;2;201503;22625.58;4159
300000443;7;1;201614;53026.87;4757
300000951;14;2;201614;350279.71;30556
300000805;9;2;201614;23997.25;2170
300000950;10;2;201713;11594.9;932
300000491;10;2;201713;33887.9;2448
300000950;22;4;201502;34017.97;6681
300000950;8;2;201707;28218.05;2105
300000491;4;1;201715;5136.2;373
300000951;6;1;201802;29749.7;2174
300000805;1;1;201602;41520.41;5395
300000443;1;1;201602;50696.35;6680
300000491;20;3;201710;280500.68;23188
300000443;20;3;201710;205368.3;17176
300000805;20;3;201709;381035.38;29197
300000951;3;1;201504;3983.82;786
300000951;11;2;201717;23136.98;1583
300000491;13;2;201712;62368.03;4669
300000491;3;1;201603;4403;698
300000491;3;1;201701;9236.39;973
300000491;22;4;201706;2647.5;213
300000443;16;3;201601;27220.5;4123
300000950;6;1;201612;39691.93;3621
300000951;;;201801;8353.31;707
300000491;11;2;201510;18649.65;2993
300000805;6;1;201612;23014.97;2134
300000805;6;1;201603;21554.62;3228
300000951;15;3;201603;26369.24;3760
300000950;7;1;201603;36969.86;5309
300000805;10;2;201709;43462.23;3715
300001309;14;2;201709;47856.12;3603
300000950;9;2;201707;15061.12;1157
300000443;25;4;201802;8252.51;585
300000491;12;2;201714;30306.1;2110
300000491;26;4;201714;50753.64;3741
300000951;25;4;201802;26284.8;1876
300000805;7;1;201505;9333.9;1446
300000443;5;1;201705;8776.3;703
300001309;13;2;201712;25693.95;1891
300000951;2;1;201503;3043.6;619
300000443;23;4;201502;13297.32;2322
300000950;9;2;201602;27948.42;3542
300000805;10;2;201602;27742.14;3520
300000443;8;2;201517;36178.27;4789
300000950;13;2;201607;38758.28;3724
300000491;1;1;201515;30861.2;4576
300000951;19;3;201610;41267.92;4260
300000443;;;201511;1169.34;160
300000491;1;1;201709;35194.75;2836
300000805;15;3;201708;38609.85;3163
300000491;30;5;201514;843.37;147
300000443;12;2;201515;13933.01;1939
300000491;13;2;201515;14764.18;2165
300000443;13;2;201505;30262.36;5144
300000950;21;3;201613;132554.89;10531
300001309;9;2;201706;20911.26;1758
300000951;10;2;201706;17342.86;1385
300000805;4;1;201510;25522.71;4227
300000950;28;4;201509;90165.18;14361
300000805;29;5;201714;1610;120
300000950;21;3;201711;224095.75;18863
300000951;21;3;201711;121616.37;10420
300001309;15;3;201711;9301;722
300000950;11;2;201501;4227.46;735
300000805;14;2;201501;18090.17;3411
300000443;12;2;201501;5348.39;913
300000951;6;1;201702;33080.97;2947
300000443;16;3;201607;52724.77;4823
300000951;18;3;201507;8172.97;1082
300000805;1;1;201717;27206.3;1731
300000491;22;4;201502;17112.5;3371
300000491;10;2;201715;22899.2;1710
300000805;16;3;201715;48394.81;3649
300000950;24;4;201502;28827.03;5687
300000951;16;3;201508;21576.06;3207
300000805;11;2;201508;17063.24;2600
300000443;26;4;201509;22366.04;3598
300000805;13;2;201706;23738.2;1861
300000950;19;3;201703;11808.86;923
300000805;20;3;201614;3775.4;308
300000805;24;4;201514;22435.96;3233
300000491;24;4;201514;35175.09;5186
300000951;20;3;201602;17616.6;2531
300000443;18;3;201517;23190.84;2595
300000443;15;3;201614;17020.22;1726
300000951;22;4;201614;10152.14;939
300000805;21;3;201613;207401.36;17198
300000950;11;2;201617;48716.61;4643
300000805;7;1;201611;19307.11;1763
300000950;18;3;201603;31994.67;4470
300000491;17;3;201603;34394.41;4800
300001309;7;1;201707;13711.8;940
300000950;11;2;201614;14844.09;1266
300000491;6;1;201711;45922.79;3710
300000951;11;2;201711;10809.19;857
300000805;30;5;201614;8836.2;838
300000491;20;3;201509;5461.01;861
300000805;19;3;201715;43255.22;3216
300000805;8;2;201716;22550.42;1119
300000951;6;1;201713;12503.2;1031
300000951;18;3;201514;935.79;128
300000950;18;3;201601;17114.04;2551
300000491;12;2;201803;16806.4;1158
300001309;17;3;201711;73160.31;5857
300000805;9;2;201711;18619.8;1493
300000805;11;2;201712;12901.59;953
300000491;;;201709;4281.9;348
300000950;21;3;201608;148707.71;16736
300000950;21;3;201510;73880.14;12604
300000805;15;3;201613;48502.57;4025
300000950;5;1;201610;13814.6;1360
300000805;3;1;201607;15558.58;1591
300001309;19;3;201709;7978.35;594
300000805;23;4;201712;15610.66;1275
300000443;13;2;201702;219807.07;19794
300000951;4;1;201603;1721.5;249
300000951;11;2;201507;1183.2;141
300000491;18;3;201610;35965.02;3644
300001309;22;4;201714;20589.2;1511
300000951;20;3;201509;17578.45;2393
300000491;10;2;201610;29032.82;3028
300000950;9;2;201610;25012.9;2553
300000491;9;2;201610;28151.72;2735
300000950;10;2;201702;60043.8;5546
300000443;11;2;201702;28944.38;2650
300000491;17;3;201605;43362.7;4356
300000951;8;2;201516;28334;2622
300000491;;;201515;4826.67;639
300000805;1;1;201703;11230.93;896
300000950;9;2;201604;18039.07;2087
300000805;11;2;201604;17532.72;1861
300000805;13;2;201604;14856.75;1702
300000951;3;1;201617;9853.25;918
300000491;2;1;201601;8848.03;1304
300000950;25;4;201502;20515.28;3970
300000443;25;4;201502;17369.65;3663
300000491;27;4;201502;20176.78;4089
300000443;26;4;201502;2044.07;369
300000805;23;4;201706;3948.16;320
300000491;17;3;201602;14253.64;2023
300000491;1;1;201503;15302.85;3057
300000951;8;2;201503;10116.72;1900
300000950;2;1;201503;15017.64;2780
300000491;9;2;201709;19281.78;1548
300000951;19;3;201710;79013.56;6610
300000951;15;3;201606;50272.42;4974
300000951;4;1;201503;679.7;134
300000443;4;1;201602;9201.1;1150
300000951;18;3;201710;20148.8;1657
300000491;9;2;201607;20731.1;1947
300000443;1;1;201708;7168.3;599
300000805;14;2;201609;37566.44;3879
300000950;22;4;201709;22916.24;1781
300000950;10;2;201706;30359.38;2442
300000443;3;1;201616;9922.37;906
300000950;16;3;201608;55957.42;5866
300000443;16;3;201608;68942.56;7313
300000951;20;3;201616;100023.21;7415
300000805;2;1;201710;8605.9;550
300000951;11;2;201609;1087.8;113
300000443;6;1;201609;17229.11;1785
300000950;18;3;201604;11612.43;1404
300000491;21;3;201604;137982.5;16579
300000491;19;3;201604;25024.49;2973
300000805;20;3;201604;15908.05;1881
300000951;15;3;201701;56887.08;5967
300000950;9;2;201701;65513.57;6685
300000951;10;2;201701;20462.86;1944
300000443;5;1;201714;5458.16;396
300000951;13;2;201509;87434.39;14068
300000951;11;2;201509;9992.37;1451
300000950;5;1;201509;15794.33;2340
300000805;4;1;201517;12496;1525
300000951;3;1;201802;6236.97;470
300000951;20;3;201512;110274.05;17634
300000951;13;2;201701;54350.36;5633
300000950;9;2;201713;37413.49;1929
300001309;8;2;201712;37455.84;2649
300000805;22;4;201707;3229.37;236
300000443;2;1;201503;2730;563
300000951;15;3;201504;17498.92;3162
300000805;9;2;201504;12575.04;2047
300000443;17;3;201501;22212.56;4100
300000491;2;1;201609;6707.61;693
300000805;10;2;201505;11007.75;1946
300000443;9;2;201706;11514.52;912
300000443;3;1;201511;23367.16;3755
300000951;20;3;201702;36577.36;3105
300000951;21;3;201602;17519.14;2536
300000491;6;1;201516;4182.85;600
300000443;20;3;201715;146309.71;10710
300000951;18;3;201613;47071.19;3880
300000951;19;3;201613;47815.74;3847
300000951;7;1;201702;34536.04;3037
300000443;10;2;201613;33858.34;2674
300000805;14;2;201709;62160.42;4998
300000443;1;1;201714;7722.8;564
300000950;6;1;201715;42268.31;2453
300000443;2;1;201707;7994.6;603
300000491;7;1;201709;26208.65;2057
300000491;6;1;201506;6682.01;1021
300000950;16;3;201609;67492.79;6981
300000443;9;2;201511;51874.77;8333
300000491;10;2;201511;23780.29;4083
300000443;17;3;201514;24564.51;3196
300000950;5;1;201706;5385.22;441
300000951;16;3;201608;31484.27;3330
300000443;11;2;201716;6918.28;436
300000443;13;2;201716;17535.39;1059
300000951;17;3;201502;3813.3;876
300000443;12;2;201612;25273.36;2327
300000805;1;1;201713;7519.4;693
300000805;10;2;201506;13119.46;2120
300001309;14;2;201715;26748.51;2003
300000443;12;2;201711;6219.49;509
300000951;27;4;201502;78941.28;15530
300000805;7;1;201509;15179.13;2342
300000443;7;1;201509;35552.09;5999
300000491;20;3;201517;9141.48;1157
300000951;9;2;201502;11022.39;1985
300000950;19;3;201709;19830.19;1575
300000443;19;3;201709;34680.75;2580
300001309;10;2;201715;19099.5;1421
300000951;17;3;201602;8255.35;1193
300000443;24;4;201514;34256.7;4856
300000805;25;4;201514;16176.23;2421
300000951;3;1;201515;5798.49;686
300000491;21;3;201802;27912.42;1996
300000805;12;2;201802;8359.6;641
300000443;22;4;201803;9078.4;626
300000950;3;1;201714;18031.3;1328
300000491;13;2;201611;9775.36;983
300000950;11;2;201611;15898.87;1424
300000491;12;2;201611;21742.7;1945
300000805;15;3;201514;37343.7;5406
300000443;5;1;201708;3471.3;280
300000443;11;2;201604;9286.45;1063
300000443;5;1;201710;8055.8;604
300000950;8;2;201711;38105.4;3088
300000951;8;2;201711;9390.2;737
300000443;3;1;201803;3076.7;213
300000491;9;2;201503;16930.54;3200
300000805;19;3;201703;32954.25;2661
300000491;18;3;201504;57267.77;10555
300000491;3;1;201517;20110.52;2420
300000443;4;1;201711;6811.49;545
300001309;9;2;201707;8236.27;642
300000491;5;1;201615;8901.22;829
300000443;15;3;201501;14809.86;2768
300000805;13;2;201508;14515.9;2318
300000950;12;2;201716;31224.71;1998
300000805;10;2;201509;22621.39;4426
300000805;9;2;201509;16690.66;3185
300000950;;;201710;2629.6;235
300000491;21;3;201503;80064.35;14808
300000951;4;1;201508;6345.79;972
300000443;18;3;201607;25627.91;2422
300000491;4;1;201603;2635.8;412
300000443;2;1;201710;20091.1;1532
300000950;11;2;201605;5486.35;540
300000491;13;2;201602;10627.06;1404
300001309;3;1;201715;1626.1;122
300000443;4;1;201710;3202.79;244
300000443;18;3;201612;36484.86;3347
300000805;;;201512;1752.51;241
300000951;15;3;201517;46484.98;5825
300000491;9;2;201517;41496.72;5261
300000951;5;1;201510;10165.03;1776
300000950;8;2;201503;20604.44;3873
300000951;3;1;201514;7493.16;1120
300000951;;;201513;5570.36;495
300000491;19;3;201513;21993.83;2408
300000443;17;3;201504;42398.99;7554
300000950;25;4;201514;12365.48;1761
300000950;11;2;201606;13760;1413
300000951;;;201716;4986.8;314
300000951;26;4;201802;31040.39;2111
300000950;18;3;201802;17557.73;1147
300000443;6;1;201513;71028.3;5966
300000951;16;3;201514;9945.32;1602
300000950;9;2;201514;29268.35;4127
300000491;9;2;201514;29481.89;4367
300000805;;;201802;7511.1;537
300000443;;;201605;5969.2;602
300000951;10;2;201606;16208.4;1698
300000443;3;1;201604;12381.37;1456
300000951;24;4;201603;1099.8;128
300000443;13;2;201710;17996.37;1407
300000805;5;1;201710;7764.8;452
300000950;19;3;201504;14202.41;2456
300000443;2;1;201609;23553.34;2195
300000443;23;4;201608;1057.98;111
300000950;8;2;201603;12737.19;1912
300000950;4;1;201606;16208.6;1609
300000443;2;1;201612;20328.06;1879
300000950;4;1;201502;8439.86;1534
300000805;13;2;201510;2409.09;433
300000443;19;3;201701;40799.99;4307
300000951;5;1;201714;1856.4;136
300000491;10;2;201607;25449.93;2421
300000805;23;4;201716;7596.95;325
300000491;13;2;201506;2637.97;437
300000950;6;1;201515;15567.78;2330
300000491;14;2;201607;38881.5;3734
300000491;7;1;201510;39460.48;6567
300000950;2;1;201803;4855.4;323
300000491;2;1;201803;3649.8;250
300000805;;;201516;1529.3;149
300000951;13;2;201610;48277.24;4808
300000443;2;1;201502;9407.66;1700
300000443;19;3;201512;20151.27;3158
300000950;13;2;201508;39508.02;6313
300000951;21;3;201508;65153.25;10837
300000950;14;2;201508;39684.46;6604
300000951;6;1;201505;1135.7;174
300000805;19;3;201613;34147.54;2925
300000951;8;2;201607;22806.31;2082
300000950;22;4;201606;1195.7;100
300000443;5;1;201513;2091.6;299
300000491;19;3;201512;12018.54;1896
300000443;13;2;201501;12981.51;2394
300000491;6;1;201517;15871.6;1826
300000491;4;1;201705;1843.8;149
300000951;18;3;201612;31516.27;2843
300000491;11;2;201612;12138.1;1063
300000950;;;201708;9309.28;795
300000951;5;1;201601;1334.31;195
300000805;8;2;201706;8659.36;688
300000951;18;3;201508;6373.13;1011
300000805;5;1;201705;1798.3;144
300000805;10;2;201702;34301.63;3110
300000491;19;3;201613;37007.71;2993
300000805;3;1;201801;4305.2;312
300001309;13;2;201801;1710.8;126
300000951;4;1;201606;11931.9;1184
300000443;5;1;201706;7142.62;556
300000491;5;1;201604;2963.44;369
300000443;5;1;201501;5455.88;924
300000443;19;3;201609;39984.47;4073
300000491;6;1;201801;9361.31;705
300000951;7;1;201602;15181.35;1865
300001309;12;2;201803;7066.8;484
300000443;9;2;201513;21023.79;2116
300000491;3;1;201607;5346.2;552
300000443;23;4;201609;1123.5;117
300000443;5;1;201610;11592.8;1168
300000950;12;2;201608;24456.13;2658
300000443;9;2;201802;14703.29;1078
300000950;11;2;201715;11359.9;808
300000491;;;201711;4461.7;346
300000805;10;2;201604;11543.38;1311
300000951;22;4;201703;1347.8;110
300000491;1;1;201716;5429.2;403
300000443;18;3;201510;14267.83;2290
300000950;9;2;201501;8134.22;1458
300000805;10;2;201501;5225.23;980
300000491;13;2;201501;8229.73;1534
300000951;1;1;201509;20163.24;2963
300000443;15;3;201508;37810.86;6138
300001309;4;1;201713;2964.5;264
300000805;14;2;201507;14108.97;2069
300000491;6;1;201503;1458.8;255
300000951;2;1;201512;8054.67;1291
300000951;8;2;201509;28055.38;4348
300000491;2;1;201509;17177.68;2621
300000443;12;2;201716;6154.2;457
300000950;5;1;201608;9455.43;973
300000950;3;1;201715;2129.4;160
300000950;9;2;201607;25553.47;2345
300000951;1;1;201507;759.84;133
300000805;3;1;201510;7081.5;1191
300000950;2;1;201510;21642.53;3579
300000950;12;2;201701;1304.96;121
300001309;10;2;201803;40901.31;2875
300000951;19;3;201803;35955.72;2549
300001309;19;3;201803;14868.68;1147
300001309;22;4;201712;3633.69;269
300000805;3;1;201713;1775;138
300000950;5;1;201510;16386.52;2759
300000805;16;3;201714;2072;153
300000951;13;2;201615;37130.43;3681
300000951;4;1;201511;6551.81;965
300000951;11;2;201515;7485.75;1013
300001309;18;3;201802;1674.4;116
300000950;4;1;201802;1797;129
300000805;3;1;201611;7801.1;733
300000491;4;1;201717;11972.66;732
300000443;19;3;201502;8532.1;1690
300000491;13;2;201502;16361.14;2952
300000951;11;2;201611;4895.8;476
300000951;12;2;201611;19390.77;1787
300000950;1;1;201501;20049.92;3522
300000491;4;1;201501;2051.2;366
300000951;24;4;201712;1808.79;134
300000805;6;1;201517;3308.77;438
300000805;2;1;201708;1794.81;147
300000443;5;1;201711;4572.8;366
300000443;23;4;201610;1337.69;153
300000443;29;5;201514;717.3;121
300000491;11;2;201707;3708.6;281
300000805;17;3;201717;7971.61;442
300000805;5;1;201713;1752.8;145
300000443;18;3;201502;2222.29;389
300000805;20;3;201502;1676.22;333
300000805;5;1;201707;2191;178
300000805;5;1;201517;6280.86;683
300000491;;;201511;783.74;101
300000805;16;3;201703;29121.56;2307
300000491;11;2;201703;18671.56;1403
300000951;17;3;201703;117642.12;9098
300000805;3;1;201707;147741.05;5857
300000805;15;3;201503;24858.95;4939
300000491;28;4;201714;145540.5;10502
300000491;1;1;201615;16166.56;1682
300000805;10;2;201708;10971.6;857
300001309;10;2;201708;13531.2;1162
300000950;8;2;201708;32553.31;2863
300000805;13;2;201708;52476.92;4802
300000950;17;3;201517;59008.43;7205
300000951;17;3;201503;23912.08;4501
300000950;12;2;201503;10191.22;1812
300000950;8;2;201610;39821.32;4064
300000951;8;2;201710;24320.06;1963
300000805;18;3;201705;74471.8;5790
300000951;24;4;201705;101292.99;8009
300000443;13;2;201515;50121.83;6994
300000491;14;2;201515;40596.43;5685
300000950;13;2;201515;41983.27;5781
300000443;1;1;201614;34365.79;3115
300000951;17;3;201505;10522.22;1874
300000443;10;2;201505;9264.52;1419
300000951;15;3;201505;24073.54;4064
300000491;14;2;201505;9277.8;1625
300000951;6;1;201513;232599.16;13667
300000443;20;3;201512;70979.03;10575
300000950;20;3;201512;71409.57;10545
300000805;17;3;201508;17192.05;2807
300000443;11;2;201704;16046.06;1154
300000951;16;3;201704;33401.18;2596
300000805;3;1;201605;25544.81;2240
300000951;28;4;201614;137845.31;12667
300000805;23;4;201614;16725.51;1653
300000805;22;4;201614;40351.63;3864
300001309;16;3;201713;53981.81;3562
300000491;9;2;201702;46900.14;4140
300000951;13;2;201702;151066.13;13488
300000950;8;2;201702;26597.72;2439
300000443;24;4;201602;51084.76;7253
300000951;7;1;201617;44711.7;4243
300000950;21;3;201616;162695.11;12602
300000805;6;1;201513;5148.17;584
300000443;27;4;201714;140005.78;10346
300000443;15;3;201616;121220.56;8709
300000805;14;2;201712;38710.17;2994
300000805;18;3;201712;43183.32;3268
300000951;16;3;201712;63478.62;4771
300000491;19;3;201711;62834.8;5076
300000951;20;3;201711;281262.84;22693
300000950;14;2;201712;88382.65;6738
300000805;8;2;201617;22101.03;2123
300000443;17;3;201615;92474.65;10126
300000805;18;3;201615;42621.07;4500
300000950;3;1;201716;3746.7;253
300000443;18;3;201705;64510.29;5186
300000805;20;3;201705;53712.1;4190
300000491;20;3;201705;55932.01;4469
300000443;20;3;201705;265948.07;21220
300000805;16;3;201801;39518.04;3068
300000950;1;1;201803;60043.91;3886
300000950;1;1;201513;11905.91;1539
300000805;12;2;201716;7723.69;542
300000951;13;2;201716;81550.56;4721
300000951;14;2;201716;39845.56;2530
300000805;7;1;201713;30890.46;1783
300000951;7;1;201713;538132.5;20884
300000950;15;3;201512;50372.89;7289
300000951;11;2;201801;19322.5;1376
300000805;7;1;201608;23395.21;2593
300000951;13;2;201608;37334.11;3965
300000950;2;1;201508;14192.48;2516
300000805;13;2;201601;11337.25;1640
300000491;10;2;201614;41204.47;3644
300000443;10;2;201614;96174.78;8088
300000805;12;2;201516;11186.05;1304
300000491;13;2;201516;9497.92;1269
300000491;18;3;201803;46408.74;3257
300000805;21;3;201803;44369.66;3405
300000950;21;3;201803;107891.7;7720
300000951;21;3;201803;145755.6;10842
300000951;14;2;201604;40120.31;4474
300000951;13;2;201604;40479.2;4706
300000443;6;1;201604;14279.18;1640
300000805;7;1;201613;519718.28;24742
300000443;20;3;201708;146602.62;13777
300000951;20;3;201703;219358.26;16401
300000951;15;3;201703;28718.26;2323
300000950;13;2;201704;91193.51;7418
300000950;14;2;201704;83054.92;6795
300000805;21;3;201608;141944.07;15436
300000951;6;1;201609;29177.49;2984
300000491;5;1;201514;7731.03;1113
300000443;6;1;201514;29546.48;4073
300000805;4;1;201602;11935.87;1333
300000950;9;2;201509;15671.09;3225
300000805;11;2;201703;17297.26;1379
300000805;23;4;201802;54253.04;3799
300000491;28;4;201702;205951.83;17346
300000805;28;4;201702;260462.48;21978
300000491;1;1;201703;31420.33;2501
300000951;7;1;201703;14061.89;1063
300000950;26;4;201702;53999.96;4532
300000491;21;3;201602;23211.03;3383
300000950;21;3;201602;27666.95;4231
300000950;7;1;201508;27282.86;4486
300000491;10;2;201508;9834.74;1527
300000805;1;1;201803;34847.53;2251
300000443;15;3;201515;28381.07;4043
300000805;17;3;201515;32566.47;4643
300000805;1;1;201802;32637.94;2422
300000950;18;3;201801;50773.67;3668
300000443;21;3;201801;83838.67;6190
300000950;25;4;201802;73562.32;5161
300000805;14;2;201614;38058.64;3356
300000950;12;2;201614;49349.47;4406
300000491;15;3;201614;121054.66;10871
300000805;7;1;201717;47326.4;3167
300001309;19;3;201716;38475.98;2546
300001309;2;1;201801;10618.51;777
300000951;19;3;201716;46408.51;2874
300000950;24;4;201702;80443.07;6868
300000491;25;4;201702;74499.76;6256
300000951;1;1;201712;26455.56;2028
300000950;23;4;201712;16933.8;1314
300000951;8;2;201713;114304.38;5388
300000443;;;201606;1816.5;188
300000491;15;3;201703;61263.94;4571
300001309;1;1;201706;25301.38;1681
300000951;9;2;201705;22623.5;1844
300000805;4;1;201512;16000.65;2751
300000491;4;1;201512;9842.06;1546
300000443;9;2;201613;27948.32;2267
300000950;12;2;201517;22802.73;2811
300000951;20;3;201713;361061.3;24648
300000951;1;1;201508;9189.53;1596
300000805;17;3;201507;19814.34;2652
300000443;10;2;201716;34338.38;1727
300000443;8;2;201515;16313.55;2425
300000951;16;3;201515;22588.54;3160
300000443;10;2;201515;25371.12;3433
300000951;17;3;201515;21853.03;3050
300000951;17;3;201609;107482.79;10826
300000805;15;3;201704;85845.59;7373
300000805;5;1;201714;7333.1;519
300000443;13;2;201610;65647.64;6624
300000950;13;2;201610;63405.14;6505
300000491;22;4;201702;42513.25;3550
300000951;27;4;201702;233110.66;19947
300000805;22;4;201702;30581.68;2802
300000805;11;2;201706;11431.24;945
300000443;9;2;201502;24896.92;4183
300000805;11;2;201502;27355.76;4525
300000951;15;3;201601;24711.51;3400
300000491;10;2;201601;8956.78;1323
300000951;14;2;201705;27930.32;2255
300000950;9;2;201704;33702.45;2748
300000951;22;4;201514;24190.85;3446
300000950;15;3;201514;62801.34;8977
300000443;16;3;201514;20920.79;2695
300000443;20;3;201509;22069.11;3352
300000805;21;3;201509;20392.01;3292
300000443;21;3;201509;33902.01;5373
300000443;9;2;201615;24105.75;2054
300000491;15;3;201504;40374;6812
300000950;15;3;201504;48325.9;9181
300000805;16;3;201504;21046.55;3255
300000805;14;2;201801;31478.41;2311
300000805;11;2;201715;16552.9;1226
300000950;13;2;201603;43142.35;6227
300000950;19;3;201715;63835.44;4707
300000805;5;1;201613;6246.1;622
300000951;9;2;201716;842082.43;32874
300000491;15;3;201704;74254.91;6361
300000443;14;2;201705;58248.69;4571
300000805;4;1;201707;9144.5;439
300000491;22;4;201802;29960.2;2109
300000951;22;4;201802;33686.7;2316
300000951;17;3;201801;86721.82;6233
300000951;4;1;201615;43298.23;4481
300000950;5;1;201615;34944.7;2838
300001309;14;2;201714;93020.19;6739
300000950;10;2;201616;63226.93;4600
300000805;20;3;201616;34413.87;3101
300000950;;;201602;750.68;123
300000950;16;3;201503;46352.79;8582
300000443;17;3;201503;35413.38;6561
300000805;14;2;201715;42072.31;3165
300000491;14;2;201715;31306.82;2389
300000443;1;1;201704;25760.2;2109
300000443;15;3;201606;57914.31;6007
300000951;1;1;201607;18761.25;1939
300000951;20;3;201508;61075.64;10159
300000951;12;2;201715;9986.2;696
300001309;7;1;201715;16116.5;1208
300000491;12;2;201715;13976.92;1002
300000805;16;3;201704;101311.74;8400
300000951;17;3;201601;3948.8;585
300000805;17;3;201803;77577.33;5245
300000950;14;2;201803;79359.74;5418
300000951;14;2;201803;29406.48;2097
300000951;1;1;201601;27096.12;4124
300000950;14;2;201605;75424.51;7680
300000805;9;2;201516;21140.37;2807
300001309;13;2;201713;39460.2;2859
300000805;14;2;201708;58803.44;4966
300000951;14;2;201515;34858.8;4806
300000443;8;2;201803;9144.03;620
300000950;20;3;201514;6176.65;866
300000950;21;3;201514;29630.84;3989
300000443;1;1;201613;20713.26;2053
300000805;7;1;201707;12402.02;996
300000951;7;1;201707;38565.24;1809
300000951;11;2;201617;16620.73;1610
300000443;5;1;201617;15496.12;1598
300000805;14;2;201606;41877.93;4318
300000443;19;3;201603;109694.87;15087
300000805;17;3;201513;24679.77;2590
300000443;6;1;201507;49387.51;3975
300000491;14;2;201707;58247.14;3517
300000805;7;1;201615;26934.5;2431
300000491;16;3;201711;75314.02;6049
300000951;16;3;201711;98589.58;7876
300000443;17;3;201710;103409.15;8651
300000951;19;3;201603;12741.07;1916
300000491;11;2;201603;14729.58;2129
300000950;1;1;201514;64590.53;9995
300000950;22;4;201504;108490.19;19605
300000443;21;3;201503;57598.94;10815
300000491;1;1;201617;32653.38;3159
300000951;11;2;201615;57545.84;5371
300000443;11;2;201615;19537.8;2002
300001309;15;3;201713;75878.53;4715
300000951;20;3;201705;77660.71;6184
300000950;13;2;201605;75835.33;7665
300000951;15;3;201507;13115.55;1827
300000951;17;3;201507;42850.62;6063
300000443;10;2;201507;7521.23;1073
300000805;15;3;201709;58560.14;4799
300000950;20;3;201709;322386.08;24821
300000491;23;4;201705;3151.2;229
300000491;10;2;201705;17463.3;1391
300000805;10;2;201705;19044.6;1517
300000805;7;1;201515;28701.02;4103
300000443;6;1;201515;20267.8;2931
300000443;2;1;201603;10342.36;1711
300000443;21;3;201609;139187.78;13977
300000951;21;3;201611;117489.85;10696
300000443;13;2;201611;71497.01;6338
300000491;24;4;201702;37889.23;3243
300000491;23;4;201505;8678.99;1638
300000805;22;4;201505;8044.51;1327
300000805;16;3;201702;11851.05;982
300000951;20;3;201510;81580.1;13320
300000443;8;2;201603;26374.27;3768
300000443;9;2;201606;22448.2;2322
300000491;17;3;201616;127748.77;9762
300000950;7;1;201802;45041.19;3309
300000805;21;3;201802;31823.09;2161
300000951;6;1;201509;15165.66;2311
300000805;1;1;201509;24898.79;3930
300001309;12;2;201707;10136.43;713
300000491;13;2;201803;54566.51;3760
300000805;9;2;201615;14717.61;1441
300000805;1;1;201707;24596.35;1924
300000491;2;1;201707;7349.51;604
300000491;19;3;201710;45433.09;3817
300000951;7;1;201605;12794.95;1295
300000443;18;3;201501;6340.58;1131
300000443;6;1;201605;40484.3;4118
300000950;6;1;201605;34745.21;3603
300000491;27;4;201602;13812.03;1950
300000491;6;1;201715;52791.32;3760
300000950;20;3;201615;191893.78;19374
300000950;6;1;201616;4710.29;431
300000950;19;3;201605;54443.5;5492
300000951;9;2;201803;22891.5;1597
300000805;19;3;201713;35027.64;2549
300000805;18;3;201713;33097.18;2248
300000805;1;1;201610;14488.4;1513
300000805;13;2;201712;85196.04;6343
300001309;13;2;201711;35650.21;2867
300000951;21;3;201709;137886.96;10602
300000951;23;4;201714;28159.07;2015
300000491;20;3;201714;6506.76;474
300000805;7;1;201803;7739.7;556
300000443;13;2;201803;35767.7;2412
300000491;3;1;201803;12123.11;786
300000491;13;2;201717;310057.42;21369
300000491;3;1;201801;9873.71;716
300000491;15;3;201801;55212.16;3817
300000805;12;2;201717;65252.64;4353
300000951;1;1;201717;14475.96;1024
300000951;4;1;201717;22628.03;1577
300000491;1;1;201611;26382.58;2522
300000805;1;1;201611;26059.69;2374
300000951;15;3;201616;48824.02;3561
300000950;1;1;201616;19154.79;1776
300000951;15;3;201611;50642.98;4679
300000950;8;2;201611;16696.47;1557
300000491;8;2;201612;41568.97;3551
300000951;15;3;201612;55244.98;4852
300000805;21;3;201611;51755.42;4769
300000951;13;2;201706;52316.72;4203
300000443;16;3;201509;27384.18;4260
300000950;16;3;201509;13463.03;1980
300000951;13;2;201504;11644.2;1738
300000951;19;3;201514;4108.27;586
300000491;2;1;201608;7749.09;818
300000491;11;2;201708;30257.74;2666
300000805;11;2;201708;15178.1;1253
300000491;4;1;201714;10288.3;754
300000950;10;2;201605;38836.21;3910
300000950;19;3;201801;20240.1;1483
300000951;5;1;201709;7551.65;638
300000951;10;2;201516;11244.54;1476
300000950;14;2;201604;47120.11;5808
300000805;15;3;201604;30423.31;3657
300000950;22;4;201514;34238.92;4970
300000805;8;2;201602;27526.01;3508
300000950;1;1;201506;26806.25;3963
300000491;2;1;201506;13494.3;2167
300000951;17;3;201604;49639.93;5779
300000951;18;3;201602;2657.23;398
300000805;13;2;201602;12361.67;1641
300000950;5;1;201702;17675.33;1559
300000951;6;1;201517;24796.05;3052
300000443;10;2;201610;25306.8;2671
300000443;7;1;201717;6743.11;497
300000805;2;1;201510;20529.01;3601
300000805;10;2;201508;10072.26;1624
300000443;28;4;201602;39272.14;5590
300000805;6;1;201601;4765.97;678
300000491;4;1;201601;4258.1;502
300000805;14;2;201617;278405.78;26680
300000805;1;1;201701;18063;1805
300000491;1;1;201701;29308.36;3048
300000491;9;2;201512;25500.02;4396
300000443;1;1;201707;9781.6;792
300000950;20;3;201606;192468.94;19831
300000951;1;1;201707;15740.07;1263
300000443;3;1;201510;16690.93;2743
300000950;3;1;201510;18887.96;2991
300000950;1;1;201515;58635.92;7906
300000805;5;1;201503;4006.88;771
300000805;6;1;201503;2372.8;443
300000491;4;1;201508;19712.45;3475
300000950;4;1;201508;4796.73;830
300000805;21;3;201507;77131.93;11194
300000805;10;2;201512;13881.89;2253
300000950;14;2;201710;70786.55;5665
300000950;15;3;201715;51435.77;3807
300000805;;;201505;2042.58;297
300000950;19;3;201516;24707.15;3393
300000443;19;3;201516;13308.16;1701
300000491;18;3;201516;24300.51;2810
300000805;19;3;201516;10868.39;1209
300000443;15;3;201516;36853.32;4748
300000491;15;3;201509;28116.65;4452
300000805;4;1;201613;3911.6;395
300000443;3;1;201613;15078.51;1208
300000443;10;2;201511;34573.55;5544
300000950;4;1;201708;5719.98;527
300001309;2;1;201709;22327.35;1793
300000805;20;3;201615;64206.34;6331
300000443;19;3;201615;42122.77;4178
300000443;4;1;201714;6688.7;493
300000805;19;3;201706;27466.86;2178
300000951;20;3;201802;19266.38;1295
300001309;14;2;201710;25802.97;2109
300000950;16;3;201709;76436.63;6051
300000805;22;4;201709;31917.6;2425
300000805;5;1;201614;10876.01;984
300000805;6;1;201614;9041.81;814
300000491;17;3;201502;13251.46;2561
300000950;9;2;201706;13046.16;1048
300000950;17;3;201512;60937.19;9129
300000950;5;1;201715;32838.51;2070
300000491;5;1;201715;10820.7;704
300000491;18;3;201707;37418.71;2448
300001309;19;3;201708;30485.52;3067
300000491;16;3;201710;76042.37;6285
300000443;21;3;201803;50600.44;3801
300001309;14;2;201712;30903.52;2264
300000950;1;1;201801;65770.15;4897
300001309;10;2;201717;52228.77;3625
300001309;4;1;201712;16925.77;1305
300000950;11;2;201504;10774.95;1895
300000805;25;4;201802;15947.3;1140
300000491;10;2;201512;19010.87;3111
300000950;16;3;201707;41276.98;2810
300000951;8;2;201606;28000.5;2767
300000950;15;3;201601;32165.72;4924
300000443;10;2;201510;34140.66;5398
300000805;14;2;201604;40406.11;4912
300000443;6;1;201612;44043.52;4065
300000950;13;2;201709;44392.96;3586
300000805;26;4;201614;24681.97;2461
300000491;9;2;201801;24234.62;1721
300000443;13;2;201510;38819.81;6207
300000491;4;1;201506;10909.14;1717
300000950;1;1;201502;27657.97;4889
300000491;6;1;201705;5867.79;465
300000491;5;1;201706;15160.72;1154
300001309;12;2;201706;13909.01;1123
300000950;4;1;201706;5473.12;446
300000491;4;1;201712;3699.6;272
300000805;6;1;201706;15001.32;1204
300000805;24;4;201502;15292.88;3148
300000491;21;3;201715;151001.94;11282
300001309;21;3;201715;105819.27;7920
300000805;7;1;201716;4773.3;353
300000443;7;1;201716;5758.2;428
300000805;19;3;201708;43763.81;3919
300000951;2;1;201709;16316.25;1374
300000950;1;1;201708;41887.33;3649
300000491;;;201708;4112.2;295
300000443;5;1;201511;11903.99;1891
300000805;5;1;201511;7129.08;1130
300000951;13;2;201511;66052.65;11016
300001309;15;3;201707;22305.67;1563
300000443;19;3;201707;20367.05;1462
300000443;20;3;201515;102734.84;14479
300000491;15;3;201708;54365.75;4736
300000950;6;1;201704;46924.2;3656
300000491;7;1;201706;16112.21;1263
300000443;23;4;201614;44393.46;4337
300000805;1;1;201709;34616.75;2777
300001309;1;1;201709;14524.42;1203
300000805;2;1;201706;11628.14;894
300001309;2;1;201706;5146.12;415
300000491;17;3;201504;25045.33;5198
300000491;7;1;201802;32333.35;2354
300000443;13;2;201511;98402.63;15484
300000491;16;3;201604;45993.78;5486
300000443;15;3;201604;42520.24;5073
300000950;16;3;201604;43904.24;5092
300000491;1;1;201803;22728.4;1507
300000443;9;2;201712;22125.3;1592
300000491;9;2;201712;47681.97;3484
300001309;;;201711;9831;791
300001309;5;1;201712;11463.8;851
300000950;20;3;201711;202846.21;16460
300000491;10;2;201711;31927.1;2555
300000491;5;1;201712;14770;1165
300000491;22;4;201711;1212.42;146
300000950;6;1;201803;10257.1;705
300000443;19;3;201702;10145.4;821
300000805;21;3;201702;19348.89;1658
300000491;10;2;201503;9217.33;1762
300000443;12;2;201712;16177.37;1237
300000950;21;3;201502;27041.7;5314
300000950;17;3;201702;19979.13;1727
300000951;7;1;201710;32150.59;2478
300000443;11;2;201502;11188.3;1988
300000950;27;4;201502;100860.18;19914
300000443;25;4;201509;12515.18;1960
300000950;15;3;201610;61506.98;6325
300000491;6;1;201612;11594.36;1049
300000951;3;1;201701;17693.94;1755
300000443;6;1;201611;20091.47;1904
300000950;6;1;201611;41249.49;3810
300000491;8;2;201611;10713.28;1068
300000443;17;3;201510;58296.71;9643
300000950;17;3;201510;59730.83;9161
300000950;16;3;201603;60154.7;8561
300000950;17;3;201603;29384.07;4231
300000443;17;3;201603;21182.37;2964
300000443;18;3;201603;26448.04;3734
300000443;6;1;201706;11480.8;926
300001309;19;3;201706;10084.42;780
300000443;10;2;201707;17449.87;1317
300000805;12;2;201614;36035.8;3080
300000443;4;1;201515;4233.74;542
300000805;4;1;201515;14422.65;1918
300000443;15;3;201711;13813.32;1144
300000805;12;2;201604;14144.77;1512
300000491;12;2;201604;14783.4;1619
300000491;18;3;201514;12381.81;1764
300000443;17;3;201601;26836.58;4089
300000951;7;1;201803;9445.41;644
300000443;12;2;201605;19098.15;1951
300000805;13;2;201605;1787.1;183
300000951;11;2;201702;24268.9;2199
300000491;4;1;201702;9052.84;810
300000950;4;1;201702;10307.79;917
300000950;7;1;201712;39274.39;2931
300000491;22;4;201608;4117.4;429
300000443;14;2;201613;82543.2;6534
300000443;2;1;201607;7873.8;801
300001309;20;3;201710;146852.78;12095
300000491;4;1;201710;13368.7;1077
300000950;21;3;201507;89782.75;13065
300000951;5;1;201603;1071.7;180
300000951;10;2;201801;31208.35;2300
300000951;14;2;201510;33410.81;5540
300000951;5;1;201501;1046.78;186
300000805;2;1;201516;11256.29;1627
300000443;1;1;201516;17133.43;2412
300000491;2;1;201516;4767.08;726
300000950;6;1;201710;49307.18;3765
300000950;5;1;201717;16057.92;1053
300000951;6;1;201503;5077.55;1060
300000443;16;3;201602;16040.78;2076
300000443;28;4;201502;46429.24;9178
300000443;15;3;201710;17560.38;1460
300000950;8;2;201502;35964.31;4994
300001309;12;2;201802;15366.99;1147
300000805;14;2;201706;19414.08;1568
300000950;16;3;201502;3622.27;697
300000443;8;2;201607;31005.49;2951
300000805;3;1;201708;19183.58;1684
300000950;3;1;201708;16994.82;1380
300001309;;;201708;9264.81;881
300000491;16;3;201704;63817.53;5262
300000805;7;1;201715;32874.2;2362
300000950;13;2;201609;47587.07;4934
300000950;12;2;201513;14120.15;1552
300000443;21;3;201709;31736.56;2395
300001309;12;2;201709;11732.16;949
300001309;9;2;201711;14056.77;1118
300000950;22;4;201711;4050.58;310
300000443;16;3;201801;34117.17;2578
300000950;2;1;201802;6853.8;534
300000491;3;1;201616;18700.07;1098
300000443;31;5;201714;1780.5;104
300000491;14;2;201616;80369.82;5714
300000805;17;3;201709;80886.95;6459
300000443;9;2;201507;10594.08;1543
300000951;12;2;201609;11035;1148
300000443;12;2;201616;11341.5;948
300000443;11;2;201510;10644.31;1713
300000491;18;3;201603;10956.84;1537
300000491;4;1;201708;1912.4;201
300000951;1;1;201716;8867.3;650
300000951;21;3;201517;77132.51;10092
300000443;10;2;201701;21397.04;2164
300000443;9;2;201701;35129.78;3586
300000491;10;2;201701;27154.75;2579
300000491;20;3;201515;5862.19;871
300000443;13;2;201616;26288.35;2035
300000805;12;2;201616;23012.3;1895
300000950;3;1;201509;17656.16;2757
300000443;3;1;201517;21097.87;2612
300000491;9;2;201708;18674.18;1903
300000443;11;2;201512;10823.65;1785
300000950;13;2;201512;39367.48;6372
300000443;12;2;201512;22339.69;3419
300000950;9;2;201609;46369.99;4778
300000805;10;2;201713;34438.61;1556
300000950;8;2;201712;74274.92;5662
300000805;8;2;201516;25507.36;3127
300000950;22;4;201705;1487.5;119
300000443;8;2;201504;12600.93;2046
300000805;18;3;201501;31909.68;5834
300000443;8;2;201502;22593.46;3646
300000805;8;2;201605;13719.95;1371
300000950;14;2;201609;45417.41;4639
300000950;6;1;201717;11976.36;824
300000951;10;2;201609;22175.96;2106
300000443;17;3;201509;9209.84;1446
300000491;9;2;201711;20372.8;1665
300000805;18;3;201504;75494.92;13535
300000443;12;2;201505;28690.58;4899
300000491;5;1;201709;5818.6;438
300000805;10;2;201507;1196.73;168
300000950;18;3;201611;42244.43;3915
300000491;4;1;201703;4997.26;396
300000805;10;2;201703;10748.23;845
300000443;15;3;201602;37303.48;5409
300000951;22;4;201602;21677.37;3184
300000805;3;1;201702;10234.67;934
300000805;8;2;201505;7794.54;1309
300000951;12;2;201516;3446.24;447
300000950;10;2;201607;19650.82;1723
300000491;12;2;201704;57317.98;4436
300000951;20;3;201715;189464.68;13675
300000951;4;1;201802;10698.79;795
300000950;3;1;201507;3075.54;488
300000491;12;2;201613;5094.58;436
300000951;17;3;201613;82159.18;7030
300000805;13;2;201613;15819.91;1220
300000491;12;2;201713;10544.84;728
300001309;11;2;201713;4863.55;274
300000491;2;1;201702;15855.26;1445
300000805;18;3;201704;34489.97;2749
300000951;1;1;201610;22386.52;2335
300000443;16;3;201609;33275.93;3435
300000491;3;1;201501;658.34;120
300000951;15;3;201511;3200.08;580
300000443;18;3;201514;3189.96;445
300000805;5;1;201602;3838.1;516
300000443;9;2;201608;14142.08;1521
300000951;9;2;201709;33523.66;2734
300000951;16;3;201502;4945.99;908
300000951;6;1;201803;6059.2;417
300000805;15;3;201606;33444.44;3455
300000805;6;1;201504;4277.86;803
300000491;12;2;201612;17691.05;1589
300000491;20;3;201701;30755.42;3298
300000805;11;2;201506;33769.05;5665
300000950;13;2;201715;27293.1;2007
300000491;11;2;201502;23253.55;4094
300000950;20;3;201502;29866.93;5695
300000443;19;3;201602;6511.63;901
300000805;20;3;201517;12460.12;1569
300000950;6;1;201714;68880.44;4340
300000951;3;1;201612;9262.39;851
300001309;12;2;201710;16985.7;1401
300000443;10;2;201602;31053.97;3950
300001309;15;3;201803;18538.1;1227
300001309;;;201710;15965.76;1223
300001309;2;1;201714;7986.3;595
300000491;8;2;201506;31565.26;4743
300000950;23;4;201706;3147.22;243
300000951;18;3;201611;28558.49;2623
300000805;12;2;201611;13530.81;1256
300000805;8;2;201511;24633.08;3943
300000443;11;2;201616;10503.76;680
300000950;20;3;201510;102301.63;15920
300000443;17;3;201605;41236.76;4134
300000950;15;3;201617;5660.85;501
300000491;17;3;201714;15489.36;1127
300001309;1;1;201708;37436.68;3229
300000491;2;1;201709;20828.95;1699
300000805;;;201507;731.24;109
300000491;21;3;201611;30152.39;2752
300000443;20;3;201611;118136.84;10839
300000491;14;2;201512;36674.64;5718
300000951;4;1;201702;7346.01;683
300000443;3;1;201504;2653.48;435
300000950;13;2;201608;34411.49;3676
300000443;14;2;201709;14236.04;1143
300000805;15;3;201801;50095.48;3802
300000491;6;1;201510;6503.33;1047
300000805;5;1;201510;10489.57;1693
300000491;17;3;201614;20360.67;1834
300000950;26;4;201614;55735.53;5450
300000443;26;4;201614;68374.16;6454
300000951;32;5;201614;3073.71;304
300000491;27;4;201614;31271.35;2959
300000805;18;3;201612;34752.39;3119
300000491;20;3;201612;103074.99;9291
300000951;3;1;201714;9190.31;689
300000443;10;2;201611;12467.08;1282
300000805;13;2;201606;16045.6;1614
300000951;4;1;201711;1684.9;135
300000491;8;2;201501;10628.2;1826
300000805;21;3;201510;76652.97;12717
300000443;4;1;201615;6391.7;593
300000950;16;3;201501;20003.17;3724
300000443;13;2;201508;47766.44;7851
300000950;19;3;201507;37042.51;5356
300000443;8;2;201612;36324.15;3198
300000491;15;3;201607;26224.14;2456
300000951;21;3;201514;21108.93;2834
300000491;16;3;201709;69901.28;5636
300001309;2;1;201710;47950.3;2690
300000491;14;2;201511;68361.61;11116
300000950;1;1;201509;68752.36;10545
300000805;3;1;201504;12889.71;2221
300000491;5;1;201803;5437.6;378
300000805;21;3;201604;99584.57;12115
300000805;17;3;201702;5415.49;376
300000443;12;2;201602;22699.84;2903
300000950;19;3;201716;76613.83;4816
300000805;22;4;201704;1596.01;160
300000491;19;3;201709;8086.38;631
300000443;4;1;201801;1847.3;137
300000951;9;2;201715;16997.3;1250
300000443;8;2;201712;13846.5;975
300000805;13;2;201607;7832.82;801
300000805;12;2;201607;2675.4;277
300000950;11;2;201607;6437.28;662
300000951;21;3;201516;72685.28;8069
300000491;1;1;201607;21460.08;2235
300000443;10;2;201715;2762.2;204
300000443;6;1;201503;3374.64;702
300000805;12;2;201703;17842.22;1274
300000950;17;3;201513;45489.79;4920
300000443;17;3;201513;26375.17;2863
300000805;19;3;201513;11548.47;1282
300000951;8;2;201615;71617.52;6567
300000443;23;4;201716;5050.39;361
300000443;6;1;201502;10497.41;1741
300000491;7;1;201513;91519.52;7119
300000805;10;2;201514;25956.31;3790
300000443;8;2;201514;22766.3;3374
300000951;;;201610;2408;202
300000491;8;2;201502;19512.64;3211
300000951;2;1;201609;14888.74;1469
300000950;5;1;201604;22142.83;2703
300000950;22;4;201603;5604.23;728
300000443;16;3;201714;1864.5;126
300000491;11;2;201711;7090.3;580
300000805;2;1;201505;4689.08;711
300000443;13;2;201506;109385.89;18385
300000805;14;2;201506;100023.67;16927
300000951;3;1;201711;26851.19;2152
300000951;1;1;201801;29671.4;2180
300000805;4;1;201609;3408.74;334
300000951;9;2;201609;30119.39;2943
300000950;4;1;201803;12250.7;845
300000443;1;1;201712;26239.99;1994
300000805;11;2;201717;31002.14;1996
300000950;19;3;201803;42713.13;2913
300000805;4;1;201709;2076.2;167
300000443;4;1;201707;5321.3;429
300000951;24;4;201706;2832.2;241
300000805;8;2;201704;9888.57;762
300000951;2;1;201715;13610;1022
300000443;9;2;201505;2533.46;500
300000805;15;3;201505;2159.5;363
300000950;6;1;201713;8025.49;594
300000951;5;1;201702;5727.04;519
300000491;22;4;201713;3055.52;116
300000951;2;1;201603;9083.5;1263
300000443;19;3;201714;2569.7;189
300000950;19;3;201714;2783.8;206
300000443;5;1;201615;9598.43;815
300000491;12;2;201506;24843.48;4292
300000950;12;2;201706;4576.54;361
300000950;8;2;201514;22465.29;3393
300000491;8;2;201514;26000.12;2796
300000950;7;1;201514;36079.91;2903
300001309;5;1;201803;7781.9;541
300000491;8;2;201517;6015.22;760
300000491;1;1;201606;29940.7;3084
300000805;19;3;201512;15192.49;2138
300000951;9;2;201601;2066.06;276
300000491;2;1;201708;8863.2;827
300000805;3;1;201710;9700.59;764
300000950;10;2;201710;52334.18;4409
300000951;7;1;201505;2828;408
300000805;8;2;201615;42024.19;3703
300000805;15;3;201508;24765.12;4350
300000443;1;1;201607;29110.67;3006
300000951;12;2;201513;4703.3;566
300000950;18;3;201512;32336.65;4779
300000491;14;2;201501;20676.93;3851
300000951;11;2;201517;9020.91;1271
300000491;2;1;201604;10498.38;1315
300000443;1;1;201604;23019.27;2801
300000443;4;1;201608;5472.63;582
300000805;11;2;201612;34735.78;3246
300000805;4;1;201801;18865.65;1413
300000950;12;2;201711;5878.6;476
300000491;13;2;201508;7669.42;1197
300000951;19;3;201515;3820.3;561
300001309;3;1;201710;15410.3;1147
300000443;4;1;201513;1392.57;148
300000951;3;1;201707;4988.2;404
300000491;15;3;201513;21210.71;2164
300000951;6;1;201504;4057.69;741
300000443;11;2;201708;5466.3;441
300000951;19;3;201608;25827.65;2712
300000443;;;201702;3336.9;268
300000443;25;4;201709;9966.8;790
300000805;5;1;201604;5950.56;680
300000950;2;1;201501;3301.9;562
300000443;2;1;201501;1955.52;326
300000805;4;1;201501;2339;401
300000491;20;3;201609;20928.41;2083
300000443;2;1;201801;6860.18;466
300001309;7;1;201710;13783.79;1019
300000805;3;1;201615;9338.44;1025
300000805;;;201613;4769.71;458
300000491;8;2;201515;22547.61;3164
300001309;;;201802;12957.9;908
300000951;1;1;201616;1961.4;181
300000491;14;2;201504;33932.26;5871
300000951;4;1;201716;4116.5;294
300000491;6;1;201605;11737.7;1149
300000805;11;2;201501;15310.03;2862
300000443;9;2;201501;1831.96;320
300000951;23;4;201604;1289.5;130
300000805;;;201701;4458.7;448
300000805;2;1;201507;1800.84;249
300000951;31;5;201714;1754.6;104
300000951;3;1;201605;11321.7;1145
300000805;5;1;201702;7406.84;695
300000951;9;2;201509;11296.06;1773
300000491;4;1;201607;4979.8;517
300000443;5;1;201608;6947.46;737
300000805;8;2;201608;5712.51;596
300000443;16;3;201614;20299.35;2057
300000950;3;1;201709;6522.43;521
300000951;6;1;201512;12495.06;2035
300000951;5;1;201615;18222.24;1823
300000951;5;1;201713;4165.39;303
300000491;10;2;201702;33170.17;2993
300000443;2;1;201714;2678.2;202
300000491;5;1;201714;7029.9;534
300000805;15;3;201717;3414.2;224
300000951;3;1;201508;9478.36;1450
300000491;;;201615;1054.54;105
300000951;4;1;201801;2172.8;148
300000805;13;2;201507;1869.44;277
300000443;10;2;201803;19661;1367
300000950;3;1;201713;1139.6;85
300000950;23;4;201608;2707.87;287
300000805;18;3;201609;31802.17;3217
300000805;18;3;201502;6858.37;1391
300000805;18;3;201802;1468.6;100
300000951;3;1;201710;10586.88;811
300000805;6;1;201609;5194.52;523
300000805;13;2;201509;11500.16;1962
300000950;24;4;201703;5915.73;494
300000491;5;1;201611;13841.97;1301
300000805;4;1;201617;3292.92;328
300001309;23;4;201716;2029.08;135
300000443;6;1;201517;11623.38;1494
300000443;4;1;201517;4569.47;527
300001309;3;1;201802;2460.51;183
300000443;22;4;201505;899.07;123
300000805;12;2;201503;1852.76;359
300000491;6;1;201502;7541.66;1307
300000951;9;2;201501;988.3;181
300000950;12;2;201615;15854.86;1556
300000491;13;2;201615;10618.76;1087
