"","dur"
"1",200
"2",223
"3",215
"4",200
"5",226
"6",216
"7",202
"8",192
"9",206
"10",188
"11",205
"12",213
"13",219
"14",191
"15",197
"16",178
"17",208
"18",202
"19",195
"20",183
"21",200
"22",213
"23",211
"24",199
"25",209
"26",203
"27",208
"28",199
"29",190
"30",210
"31",204
"32",190
"33",220
"34",195
"35",197
"36",178
"37",235
"38",181
"39",197
"40",203
"41",202
"42",200
"43",198
"44",195
"45",186
"46",178
"47",182
"48",206
"49",205
"50",221
"51",205
"52",198
"53",189
"54",197
"55",201
"56",188
"57",198
"58",211
"59",189
"60",200
"61",201
"62",193
"63",192
"64",211
"65",183
"66",201
"67",225
"68",181
"69",214
"70",204
"71",176
"72",209
"73",193
"74",206
"75",209
"76",182
"77",209
"78",210
"79",209
"80",188
"81",202
"82",189
"83",171
"84",201
"85",195
"86",192
"87",191
"88",186
"89",209
"90",213
"91",214
"92",191
"93",181
"94",198
"95",187
"96",207
"97",210
"98",220
"99",203
"100",211
"101",174
"102",163
"103",195
"104",214
"105",201
"106",182
"107",182
"108",192
"109",186
"110",210
"111",195
"112",233
"113",186
"114",224
"115",199
"116",212
"117",202
"118",206
"119",205
"120",188
"121",209
"122",198
"123",224
"124",222
"125",198
"126",193
"127",196
"128",182
"129",221
"130",196
"131",203
"132",205
"133",182
"134",225
"135",196
"136",178
"137",175
"138",214
"139",211
"140",194
"141",221
"142",201
"143",196
"144",204
"145",200
"146",207
"147",226
"148",191
"149",196
"150",213
"151",206
"152",212
"153",226
"154",209
"155",212
"156",224
"157",211
"158",193
"159",177
"160",205
"161",203
"162",205
"163",188
"164",200
"165",195
"166",189
"167",216
"168",173
"169",210
"170",196
"171",198
"172",186
"173",186
"174",191
"175",200
"176",185
"177",211
"178",195
"179",185
"180",193
"181",203
"182",204
"183",199
"184",194
"185",191
"186",196
"187",214
"188",213
"189",210
"190",192
"191",218
"192",178
"193",180
"194",199
"195",200
"196",189
"197",234
"198",212
"199",195
"200",177
"201",222
"202",200
"203",197
"204",215
"205",204
"206",210
"207",191
"208",184
"209",197
"210",166
"211",216
"212",195
"213",182
"214",203
"215",202
"216",205
"217",194
"218",208
"219",210
"220",198
"221",202
"222",202
"223",182
"224",191
"225",215
"226",176
"227",188
"228",208
"229",178
"230",197
"231",200
"232",207
"233",218
"234",216
"235",194
"236",175
"237",192
"238",209
"239",180
"240",173
"241",208
"242",200
"243",207
"244",214
"245",235
"246",207
"247",191
"248",227
"249",222
"250",183
"251",204
"252",191
"253",181
"254",192
"255",196
"256",183
"257",182
"258",189
"259",191
"260",208
"261",189
"262",193
"263",190
"264",203
"265",203
"266",207
"267",199
"268",195
"269",190
"270",203
"271",195
"272",226
"273",192
"274",226
"275",206
"276",156
"277",207
"278",197
"279",188
"280",206
"281",198
"282",201
"283",209
"284",240
"285",210
"286",208
"287",204
"288",199
"289",189
"290",218
"291",218
"292",213
"293",215
"294",203
"295",201
"296",175
"297",199
"298",189
"299",197
"300",218
"301",197
"302",185
"303",203
"304",181
"305",205
"306",193
"307",191
"308",192
"309",216
"310",214
"311",195
"312",186
"313",192
"314",225
"315",186
"316",199
"317",216
"318",182
"319",190
"320",201
"321",210
"322",188
"323",211
"324",204
"325",202
"326",200
"327",184
"328",178
"329",174
"330",202
"331",199
"332",206
"333",198
"334",195
"335",220
"336",200
"337",235
"338",210
"339",211
"340",193
"341",207
"342",224
"343",221
"344",219
"345",189
"346",190
"347",197
"348",196
"349",210
"350",204
"351",210
"352",207
"353",208
"354",212
"355",207
"356",183
"357",202
"358",219
"359",198
"360",198
"361",229
"362",196
"363",200
"364",193
"365",231
"366",203
"367",200
"368",200
"369",193
"370",201
"371",185
"372",216
"373",192
"374",178
"375",184
"376",200
"377",221
"378",181
"379",186
"380",216
"381",197
"382",207
"383",198
"384",199
"385",200
"386",188
"387",205
"388",208
"389",200
"390",184
"391",208
"392",215
"393",180
"394",206
"395",200
"396",225
"397",213
"398",202
"399",201
"400",203
"401",193
"402",200
"403",202
"404",221
"405",183
"406",188
"407",194
"408",182
"409",205
"410",226
"411",206
"412",181
"413",193
"414",192
"415",194
"416",218
"417",202
"418",217
"419",224
"420",196
"421",174
"422",197
"423",211
"424",206
"425",179
"426",210
"427",218
"428",188
"429",175
"430",176
"431",201
"432",190
"433",197
"434",217
"435",191
"436",195
"437",207
"438",192
"439",189
"440",176
"441",160
"442",223
"443",194
"444",177
"445",185
"446",203
"447",212
"448",207
"449",185
"450",206
"451",210
"452",200
"453",209
"454",192
"455",211
"456",202
"457",201
"458",218
"459",198
"460",190
"461",184
"462",186
"463",212
"464",190
"465",187
"466",185
"467",208
"468",224
"469",206
"470",187
"471",206
"472",180
"473",214
"474",226
"475",188
"476",200
"477",216
"478",208
"479",183
"480",210
"481",194
"482",213
"483",190
"484",214
"485",214
"486",215
"487",198
"488",201
"489",177
"490",206
"491",210
"492",193
"493",194
"494",207
"495",205
"496",172
"497",198
"498",201
"499",206
"500",187
"501",192
"502",183
"503",200
"504",192
"505",192
"506",211
"507",193
"508",189
"509",210
"510",203
"511",206
"512",217
"513",202
"514",205
"515",210
"516",216
"517",211
"518",185
"519",224
"520",174
"521",198
"522",193
"523",184
"524",206
"525",209
"526",200
"527",185
"528",203
"529",202
"530",197
"531",199
"532",234
"533",234
"534",210
"535",244
"536",195
"537",202
"538",201
"539",184
"540",210
"541",211
"542",190
"543",213
"544",198
"545",214
"546",205
"547",217
"548",223
"549",199
"550",188
"551",198
"552",202
"553",191
"554",193
"555",209
"556",202
"557",199
"558",173
"559",205
"560",206
"561",187
"562",190
"563",222
"564",204
"565",210
"566",200
"567",195
"568",211
"569",201
"570",185
"571",202
"572",202
"573",182
"574",206
"575",197
"576",195
"577",186
"578",219
"579",196
"580",210
"581",227
"582",222
"583",199
"584",195
"585",205
"586",195
"587",199
"588",206
"589",224
"590",192
"591",184
"592",228
"593",162
"594",206
"595",196
"596",179
"597",187
"598",206
"599",205
"600",203
"601",210
"602",221
"603",183
"604",167
"605",198
"606",196
"607",185
"608",199
"609",216
"610",213
"611",188
"612",225
"613",198
"614",211
"615",222
"616",195
"617",221
"618",178
"619",185
"620",190
"621",212
"622",180
"623",192
"624",215
"625",201
"626",218
"627",198
"628",209
"629",204
"630",208
"631",227
"632",210
"633",198
"634",189
"635",198
"636",216
"637",202
"638",177
"639",206
"640",196
"641",202
"642",193
"643",193
"644",197
"645",171
"646",186
"647",182
"648",202
"649",206
"650",197
"651",197
"652",195
"653",213
"654",237
"655",197
"656",210
"657",185
"658",220
"659",214
"660",184
"661",188
"662",202
"663",193
"664",210
"665",207
"666",200
"667",228
"668",206
"669",240
"670",198
"671",212
"672",222
"673",191
"674",207
"675",224
"676",208
"677",205
"678",196
"679",208
"680",189
"681",201
"682",204
"683",194
"684",170
"685",206
"686",181
"687",212
"688",195
"689",203
"690",204
"691",204
"692",221
"693",204
"694",203
"695",203
"696",197
"697",202
"698",209
"699",206
"700",165
"701",194
"702",201
"703",194
"704",179
"705",199
"706",181
"707",209
"708",196
"709",202
"710",192
"711",183
"712",192
"713",185
"714",230
"715",212
"716",195
"717",207
"718",190
"719",190
"720",194
"721",190
"722",193
"723",187
"724",225
"725",191
"726",191
"727",204
"728",202
"729",207
"730",203
"731",182
"732",204
"733",193
"734",204
"735",194
"736",200
"737",195
"738",212
"739",185
"740",187
"741",200
"742",228
"743",195
"744",192
"745",185
"746",180
"747",202
"748",208
"749",198
"750",216
"751",220
"752",205
"753",211
"754",197
"755",219
"756",193
"757",201
"758",200
"759",187
"760",218
"761",203
"762",201
"763",194
"764",204
"765",189
"766",169
"767",205
"768",194
"769",192
"770",212
"771",194
"772",185
"773",196
"774",217
"775",191
"776",194
"777",162
"778",200
"779",180
"780",214
"781",200
"782",192
"783",224
"784",198
"785",199
"786",191
"787",204
"788",199
"789",187
"790",210
"791",208
"792",190
"793",210
"794",211
"795",212
"796",193
"797",197
"798",207
"799",206
"800",231
"801",192
"802",219
"803",203
"804",185
"805",193
"806",219
"807",180
"808",206
"809",210
"810",194
"811",202
"812",206
"813",173
"814",189
"815",183
"816",189
"817",193
"818",174
"819",229
"820",205
"821",209
"822",198
"823",205
"824",217
"825",225
"826",199
"827",209
"828",175
"829",180
"830",197
"831",198
"832",200
"833",202
"834",207
"835",214
"836",182
"837",170
"838",202
"839",203
"840",222
"841",202
"842",217
"843",191
"844",213
"845",204
"846",201
"847",196
"848",203
"849",198
"850",198
"851",196
"852",188
"853",207
"854",174
"855",217
"856",200
"857",209
"858",168
"859",211
"860",217
"861",179
"862",201
"863",188
"864",195
"865",212
"866",196
"867",208
"868",191
"869",199
"870",179
"871",170
"872",194
"873",191
"874",185
"875",185
"876",168
"877",217
"878",171
"879",201
"880",213
"881",184
"882",197
"883",207
"884",216
"885",205
"886",200
"887",207
"888",181
"889",209
"890",198
"891",212
"892",239
"893",192
"894",186
"895",201
"896",193
"897",188
"898",199
"899",184
"900",178
"901",179
"902",195
"903",196
"904",218
"905",208
"906",201
"907",202
"908",211
"909",182
"910",206
"911",216
"912",191
"913",225
"914",197
"915",217
"916",183
"917",200
"918",200
"919",161
"920",210
"921",182
"922",196
"923",178
"924",202
"925",210
"926",185
"927",214
"928",222
"929",206
"930",197
"931",219
"932",188
"933",198
"934",213
"935",190
"936",187
"937",231
"938",205
"939",179
"940",190
"941",179
"942",207
"943",210
"944",201
"945",199
"946",211
"947",223
"948",185
"949",188
"950",203
"951",190
"952",214
"953",187
"954",187
"955",191
"956",190
"957",192
"958",197
"959",211
"960",208
"961",219
"962",189
"963",188
"964",204
"965",219
"966",193
"967",202
"968",207
"969",205
"970",222
"971",192
"972",204
"973",221
"974",206
"975",220
"976",212
"977",202
"978",217
"979",221
"980",205
"981",178
"982",189
"983",200
"984",217
"985",199
"986",191
"987",195
"988",195
"989",195
"990",200
"991",178
"992",167
"993",202
"994",190
"995",210
"996",222
"997",205
"998",192
"999",216
"1000",202
"1001",222
"1002",202
"1003",200
"1004",194
"1005",192
"1006",213
"1007",188
"1008",206
"1009",217
"1010",217
"1011",215
"1012",209
"1013",204
"1014",193
"1015",183
"1016",209
"1017",201
"1018",205
"1019",192
"1020",190
"1021",187
"1022",200
"1023",183
"1024",224
"1025",188
"1026",204
"1027",213
"1028",202
"1029",180
"1030",213
"1031",174
"1032",196
"1033",192
"1034",177
"1035",218
"1036",186
"1037",190
"1038",212
"1039",201
"1040",206
"1041",199
"1042",180
"1043",216
"1044",175
"1045",201
"1046",207
"1047",197
"1048",199
"1049",180
"1050",190
"1051",190
"1052",187
"1053",204
"1054",212
"1055",190
"1056",219
"1057",202
"1058",222
"1059",198
"1060",198
"1061",203
"1062",193
"1063",216
"1064",177
"1065",208
"1066",206
"1067",189
"1068",167
"1069",196
"1070",214
"1071",223
"1072",220
"1073",217
"1074",193
"1075",203
"1076",213
"1077",209
"1078",230
"1079",216
"1080",207
"1081",192
"1082",211
"1083",195
"1084",203
"1085",205
"1086",188
"1087",198
"1088",176
"1089",176
"1090",225
"1091",192
"1092",224
"1093",193
"1094",206
"1095",207
"1096",200
"1097",203
"1098",187
"1099",204
"1100",208
"1101",190
"1102",209
"1103",175
"1104",219
"1105",193
"1106",201
"1107",184
"1108",198
"1109",203
"1110",207
"1111",201
"1112",179
"1113",210
"1114",175
"1115",230
"1116",225
"1117",189
"1118",215
"1119",218
"1120",188
"1121",201
"1122",196
"1123",224
"1124",181
"1125",190
"1126",214
"1127",204
"1128",208
"1129",189
"1130",208
"1131",180
"1132",171
"1133",198
"1134",211
"1135",227
"1136",180
"1137",210
"1138",189
"1139",208
"1140",185
"1141",201
"1142",191
"1143",230
"1144",195
"1145",191
"1146",201
"1147",190
"1148",210
"1149",187
"1150",187
"1151",189
"1152",184
"1153",196
"1154",212
"1155",196
"1156",217
"1157",217
"1158",205
"1159",189
"1160",213
"1161",197
"1162",191
"1163",193
"1164",189
"1165",203
"1166",207
"1167",201
"1168",178
"1169",171
"1170",197
"1171",193
"1172",191
"1173",195
"1174",188
"1175",206
"1176",199
"1177",178
"1178",200
"1179",184
"1180",187
"1181",201
"1182",202
"1183",201
"1184",199
"1185",197
"1186",194
"1187",190
"1188",224
"1189",225
"1190",214
"1191",191
"1192",184
"1193",199
"1194",212
"1195",193
"1196",198
"1197",192
"1198",225
"1199",213
"1200",191
"1201",191
"1202",183
"1203",181
"1204",207
"1205",182
"1206",194
"1207",213
"1208",197
"1209",205
"1210",202
"1211",200
"1212",201
"1213",218
"1214",213
"1215",196
"1216",207
"1217",225
"1218",189
"1219",191
"1220",204
"1221",197
"1222",201
"1223",200
"1224",186
"1225",208
"1226",212
"1227",219
"1228",194
"1229",219
"1230",201
"1231",187
"1232",183
"1233",193
"1234",240
"1235",197
"1236",208
"1237",186
"1238",220
"1239",215
"1240",212
"1241",177
"1242",200
"1243",210
"1244",183
"1245",202
"1246",215
"1247",221
"1248",213
"1249",188
"1250",192
"1251",199
"1252",187
"1253",211
"1254",202
"1255",184
"1256",212
"1257",200
"1258",213
"1259",218
"1260",211
"1261",207
"1262",196
"1263",195
"1264",202
"1265",230
"1266",186
"1267",182
"1268",223
"1269",214
"1270",184
"1271",193
"1272",208
"1273",212
"1274",202
"1275",211
"1276",194
"1277",204
"1278",177
"1279",206
"1280",188
"1281",183
"1282",178
"1283",217
"1284",190
"1285",198
"1286",217
"1287",187
"1288",184
"1289",189
"1290",194
"1291",199
"1292",195
"1293",215
"1294",231
"1295",206
"1296",209
"1297",211
"1298",222
"1299",191
"1300",191
"1301",178
"1302",202
"1303",181
"1304",215
"1305",200
"1306",218
"1307",184
"1308",174
"1309",210
"1310",210
"1311",207
"1312",202
"1313",197
"1314",191
"1315",188
"1316",209
"1317",211
"1318",218
"1319",189
"1320",190
"1321",192
"1322",214
"1323",188
"1324",169
"1325",219
"1326",200
"1327",218
"1328",201
"1329",198
"1330",180
"1331",220
"1332",204
"1333",185
"1334",197
"1335",204
"1336",206
"1337",210
"1338",202
"1339",197
"1340",196
"1341",188
"1342",211
"1343",204
"1344",200
"1345",216
"1346",229
"1347",206
"1348",206
"1349",184
"1350",216
"1351",191
"1352",202
"1353",188
"1354",186
"1355",203
"1356",204
"1357",227
"1358",192
"1359",204
"1360",219
"1361",163
"1362",186
"1363",210
"1364",192
"1365",222
"1366",196
"1367",185
"1368",195
"1369",188
"1370",196
"1371",200
"1372",193
"1373",183
"1374",168
"1375",204
"1376",203
"1377",207
"1378",175
"1379",206
"1380",200
"1381",187
"1382",201
"1383",192
"1384",219
"1385",209
"1386",187
"1387",200
"1388",199
"1389",177
"1390",226
"1391",206
"1392",208
"1393",180
"1394",176
"1395",214
"1396",210
"1397",198
"1398",174
"1399",196
"1400",191
"1401",208
"1402",214
"1403",191
"1404",226
"1405",196
"1406",181
"1407",205
"1408",224
"1409",226
"1410",213
"1411",198
"1412",235
"1413",217
"1414",177
"1415",204
"1416",204
"1417",210
"1418",189
"1419",205
"1420",190
"1421",216
"1422",183
"1423",217
"1424",181
"1425",186
"1426",203
"1427",198
"1428",214
"1429",192
"1430",189
"1431",198
"1432",169
"1433",201
"1434",194
"1435",188
"1436",223
"1437",196
"1438",217
"1439",214
"1440",211
"1441",213
"1442",166
"1443",206
"1444",198
"1445",205
"1446",239
"1447",200
"1448",185
"1449",181
"1450",155
"1451",202
"1452",182
"1453",206
"1454",199
"1455",201
"1456",227
"1457",223
"1458",181
"1459",186
"1460",229
"1461",207
"1462",180
"1463",220
"1464",179
"1465",202
"1466",170
"1467",191
"1468",193
"1469",187
"1470",191
"1471",203
"1472",201
"1473",202
"1474",207
"1475",190
"1476",203
"1477",201
"1478",190
"1479",213
"1480",190
"1481",233
"1482",199
"1483",179
"1484",207
"1485",188
"1486",231
"1487",189
"1488",202
"1489",192
"1490",192
"1491",191
"1492",172
"1493",196
"1494",203
"1495",181
"1496",214
"1497",230
"1498",181
"1499",174
"1500",194
"1501",213
"1502",194
"1503",193
"1504",189
"1505",210
"1506",208
"1507",196
"1508",206
"1509",200
"1510",202
"1511",189
"1512",206
"1513",200
"1514",216
"1515",190
"1516",229
"1517",205
"1518",201
"1519",187
"1520",177
"1521",199
"1522",188
"1523",176
"1524",196
"1525",186
"1526",177
"1527",203
"1528",224
"1529",206
"1530",192
"1531",188
"1532",192
"1533",191
"1534",204
"1535",197
"1536",224
"1537",216
"1538",196
"1539",226
"1540",206
"1541",205
"1542",207
"1543",204
"1544",206
"1545",196
"1546",207
"1547",210
"1548",193
"1549",216
"1550",193
"1551",199
"1552",173
"1553",198
"1554",193
"1555",206
"1556",204
"1557",177
"1558",163
"1559",179
"1560",172
"1561",188
"1562",196
"1563",241
"1564",202
"1565",188
"1566",212
"1567",219
"1568",195
"1569",197
"1570",213
"1571",221
"1572",196
"1573",195
"1574",185
"1575",198
"1576",185
"1577",193
"1578",190
"1579",218
"1580",211
"1581",211
"1582",197
"1583",185
"1584",202
"1585",189
"1586",207
"1587",219
"1588",185
"1589",192
"1590",202
"1591",187
"1592",211
"1593",202
"1594",168
"1595",192
"1596",217
"1597",198
"1598",176
"1599",204
"1600",202
"1601",194
"1602",194
"1603",191
"1604",210
"1605",194
"1606",203
"1607",214
"1608",184
"1609",191
"1610",194
"1611",206
"1612",198
"1613",188
"1614",185
"1615",184
"1616",198
"1617",208
"1618",218
"1619",186
"1620",221
"1621",200
"1622",216
"1623",182
"1624",197
"1625",188
"1626",211
"1627",163
"1628",196
"1629",191
"1630",199
"1631",188
"1632",203
"1633",205
"1634",205
"1635",191
"1636",194
"1637",183
"1638",202
"1639",187
"1640",196
"1641",217
"1642",187
"1643",188
"1644",208
"1645",183
"1646",201
"1647",199
"1648",168
"1649",194
"1650",209
"1651",186
"1652",190
"1653",198
"1654",184
"1655",206
"1656",203
"1657",220
"1658",212
"1659",195
"1660",205
"1661",210
"1662",179
"1663",209
"1664",215
"1665",208
"1666",216
"1667",205
"1668",214
"1669",185
"1670",197
"1671",200
"1672",183
"1673",178
"1674",178
"1675",192
"1676",210
"1677",219
"1678",196
"1679",193
"1680",210
"1681",215
"1682",190
"1683",179
"1684",222
"1685",191
"1686",183
"1687",193
"1688",235
"1689",191
"1690",201
"1691",213
"1692",196
"1693",212
"1694",210
"1695",209
"1696",183
"1697",215
"1698",196
"1699",223
"1700",230
"1701",215
"1702",203
"1703",230
"1704",210
"1705",218
"1706",206
"1707",206
"1708",205
"1709",209
"1710",215
"1711",190
"1712",214
"1713",203
"1714",242
"1715",216
"1716",193
"1717",224
"1718",207
"1719",212
"1720",217
"1721",200
"1722",188
"1723",229
"1724",217
"1725",191
"1726",196
"1727",205
"1728",219
"1729",203
"1730",219
"1731",180
"1732",175
"1733",215
"1734",222
"1735",197
"1736",195
"1737",203
"1738",192
"1739",218
"1740",206
"1741",217
"1742",216
"1743",188
"1744",216
"1745",207
"1746",194
"1747",181
"1748",213
"1749",197
"1750",222
"1751",204
"1752",180
"1753",197
"1754",212
"1755",202
"1756",199
"1757",170
"1758",200
"1759",214
"1760",203
"1761",208
"1762",190
"1763",182
"1764",203
"1765",218
"1766",193
"1767",199
"1768",216
"1769",180
"1770",206
"1771",194
"1772",201
"1773",194
"1774",189
"1775",185
"1776",177
"1777",182
"1778",199
"1779",196
"1780",183
"1781",216
"1782",181
"1783",199
"1784",178
"1785",218
"1786",188
"1787",188
"1788",205
"1789",209
"1790",205
"1791",190
"1792",219
"1793",198
"1794",233
"1795",202
"1796",206
"1797",177
"1798",196
"1799",189
"1800",224
"1801",199
"1802",228
"1803",205
"1804",198
"1805",192
"1806",202
"1807",188
"1808",208
"1809",201
"1810",191
"1811",207
"1812",190
"1813",199
"1814",211
"1815",216
"1816",205
"1817",202
"1818",192
"1819",197
"1820",206
"1821",214
"1822",211
"1823",221
"1824",187
"1825",195
"1826",223
"1827",211
"1828",205
"1829",201
"1830",208
"1831",201
"1832",197
"1833",203
"1834",187
"1835",185
"1836",182
"1837",212
"1838",204
"1839",226
"1840",199
"1841",210
"1842",202
"1843",171
"1844",189
"1845",177
"1846",167
"1847",191
"1848",200
"1849",200
"1850",222
"1851",192
"1852",178
"1853",208
"1854",199
"1855",201
"1856",195
"1857",191
"1858",204
"1859",204
"1860",175
"1861",214
"1862",178
"1863",201
"1864",217
"1865",203
"1866",214
"1867",192
"1868",221
"1869",189
"1870",215
"1871",201
"1872",187
"1873",201
"1874",210
"1875",210
"1876",192
"1877",189
"1878",191
"1879",175
"1880",182
"1881",200
"1882",174
"1883",225
"1884",191
"1885",216
"1886",213
"1887",194
"1888",207
"1889",173
"1890",222
"1891",202
"1892",196
"1893",218
"1894",213
"1895",190
"1896",210
"1897",196
"1898",210
"1899",190
"1900",203
"1901",197
"1902",221
"1903",190
"1904",195
"1905",217
"1906",200
"1907",225
"1908",199
"1909",199
"1910",206
"1911",198
"1912",200
"1913",178
"1914",179
"1915",172
"1916",208
"1917",205
"1918",202
"1919",206
"1920",166
"1921",198
"1922",199
"1923",207
"1924",188
"1925",220
"1926",211
"1927",195
"1928",193
"1929",215
"1930",191
"1931",201
"1932",186
"1933",181
"1934",199
"1935",217
"1936",185
"1937",200
"1938",186
"1939",201
"1940",197
"1941",207
"1942",208
"1943",209
"1944",216
"1945",197
"1946",204
"1947",197
"1948",177
"1949",199
"1950",203
"1951",217
"1952",215
"1953",205
"1954",198
"1955",204
"1956",201
"1957",210
"1958",192
"1959",233
"1960",199
"1961",173
"1962",206
"1963",191
"1964",185
"1965",201
"1966",193
"1967",183
"1968",191
"1969",216
"1970",205
"1971",187
"1972",170
"1973",206
"1974",205
"1975",217
"1976",187
"1977",202
"1978",199
"1979",203
"1980",198
"1981",203
"1982",194
"1983",207
"1984",194
"1985",187
"1986",196
"1987",218
"1988",194
"1989",181
"1990",200
"1991",168
"1992",220
"1993",174
"1994",192
"1995",182
"1996",177
"1997",188
"1998",223
"1999",173
"2000",195
"2001",198
"2002",171
"2003",195
"2004",189
"2005",201
"2006",193
"2007",196
"2008",237
"2009",204
"2010",168
"2011",198
"2012",229
"2013",212
"2014",192
"2015",194
"2016",196
"2017",202
"2018",195
"2019",205
"2020",210
"2021",190
"2022",183
"2023",191
"2024",197
"2025",204
"2026",187
"2027",207
"2028",202
"2029",204
"2030",178
"2031",198
"2032",214
"2033",191
"2034",210
"2035",235
"2036",181
"2037",193
"2038",204
"2039",191
"2040",203
"2041",213
"2042",229
"2043",204
"2044",210
"2045",198
"2046",218
"2047",199
"2048",201
"2049",199
"2050",209
"2051",176
"2052",206
"2053",219
"2054",201
"2055",195
"2056",194
"2057",215
"2058",172
"2059",198
"2060",197
"2061",191
"2062",208
"2063",202
"2064",187
"2065",195
"2066",178
"2067",206
"2068",190
"2069",207
"2070",206
"2071",207
"2072",220
"2073",193
"2074",186
"2075",206
"2076",208
"2077",198
"2078",219
"2079",239
"2080",190
"2081",207
"2082",214
"2083",208
"2084",226
"2085",196
"2086",205
"2087",201
"2088",205
"2089",185
"2090",203
"2091",190
"2092",205
"2093",194
"2094",183
"2095",188
"2096",226
"2097",196
"2098",198
"2099",187
"2100",228
"2101",206
"2102",197
"2103",207
"2104",178
"2105",182
"2106",186
"2107",200
"2108",213
"2109",226
"2110",187
"2111",193
"2112",188
"2113",220
"2114",196
"2115",204
"2116",192
"2117",198
"2118",219
"2119",225
"2120",208
"2121",224
"2122",222
"2123",212
"2124",180
"2125",191
"2126",204
"2127",212
"2128",168
"2129",174
"2130",201
"2131",201
"2132",196
"2133",208
"2134",215
"2135",200
"2136",218
"2137",213
"2138",185
"2139",208
"2140",198
"2141",199
"2142",192
"2143",220
"2144",207
"2145",181
"2146",234
"2147",196
"2148",192
"2149",185
"2150",223
"2151",183
"2152",192
"2153",192
"2154",210
"2155",174
"2156",213
"2157",204
"2158",217
"2159",193
"2160",187
"2161",215
"2162",207
"2163",221
"2164",209
"2165",198
"2166",197
"2167",201
"2168",214
"2169",213
"2170",236
"2171",207
"2172",204
"2173",195
"2174",169
"2175",185
"2176",212
"2177",201
"2178",207
"2179",176
"2180",198
"2181",191
"2182",205
"2183",199
"2184",198
"2185",205
"2186",188
"2187",213
"2188",175
"2189",203
"2190",202
"2191",206
"2192",196
"2193",213
"2194",185
"2195",198
"2196",212
"2197",194
"2198",221
"2199",196
"2200",188
"2201",199
"2202",189
"2203",208
"2204",189
"2205",210
"2206",209
"2207",180
"2208",174
"2209",203
"2210",215
"2211",199
"2212",206
"2213",220
"2214",201
"2215",187
"2216",187
"2217",181
"2218",221
"2219",197
"2220",187
"2221",196
"2222",199
"2223",249
"2224",203
"2225",173
"2226",192
"2227",228
"2228",189
"2229",198
"2230",177
"2231",197
"2232",196
"2233",214
"2234",178
"2235",200
"2236",208
"2237",194
"2238",212
"2239",203
"2240",205
"2241",167
"2242",189
"2243",176
"2244",202
"2245",198
"2246",221
"2247",205
"2248",211
"2249",224
"2250",200
"2251",200
"2252",181
"2253",176
"2254",219
"2255",199
"2256",220
"2257",198
"2258",224
"2259",216
"2260",204
"2261",204
"2262",195
"2263",211
"2264",178
"2265",181
"2266",218
"2267",172
"2268",214
"2269",206
"2270",200
"2271",202
"2272",198
"2273",203
"2274",201
"2275",195
"2276",212
"2277",216
"2278",207
"2279",196
"2280",190
"2281",199
"2282",190
"2283",206
"2284",184
"2285",186
"2286",176
"2287",185
"2288",211
"2289",223
"2290",190
"2291",200
"2292",204
"2293",185
"2294",216
"2295",215
"2296",181
"2297",202
"2298",205
"2299",182
"2300",169
"2301",204
"2302",207
"2303",188
"2304",177
"2305",208
"2306",202
"2307",202
"2308",193
"2309",213
"2310",198
"2311",235
"2312",201
"2313",218
"2314",187
"2315",211
"2316",201
"2317",201
"2318",204
"2319",208
"2320",218
"2321",194
"2322",202
"2323",201
"2324",197
"2325",213
"2326",185
"2327",196
"2328",224
"2329",214
"2330",206
"2331",189
"2332",203
"2333",204
"2334",195
"2335",188
"2336",202
"2337",188
"2338",190
"2339",227
"2340",229
"2341",179
"2342",208
"2343",201
"2344",214
"2345",185
"2346",169
"2347",196
"2348",194
"2349",199
"2350",198
"2351",235
"2352",184
"2353",201
"2354",183
"2355",207
"2356",202
"2357",223
"2358",182
"2359",215
"2360",224
"2361",223
"2362",186
"2363",173
"2364",182
"2365",190
"2366",196
"2367",198
"2368",201
"2369",217
"2370",180
"2371",205
"2372",189
"2373",195
"2374",212
"2375",196
"2376",177
"2377",215
"2378",211
"2379",206
"2380",225
"2381",203
"2382",207
"2383",189
"2384",197
"2385",191
"2386",182
"2387",211
"2388",202
"2389",218
"2390",209
"2391",174
"2392",196
"2393",181
"2394",212
"2395",181
"2396",228
"2397",190
"2398",211
"2399",199
"2400",198
"2401",183
"2402",199
"2403",211
"2404",190
"2405",189
"2406",205
"2407",215
"2408",204
"2409",174
"2410",190
"2411",203
"2412",227
"2413",206
"2414",185
"2415",206
"2416",217
"2417",174
"2418",198
"2419",200
"2420",205
"2421",187
"2422",193
"2423",200
"2424",200
"2425",203
"2426",183
"2427",195
"2428",207
"2429",226
"2430",201
"2431",201
"2432",205
"2433",183
"2434",208
"2435",206
"2436",202
"2437",199
"2438",205
"2439",166
"2440",193
"2441",227
"2442",216
"2443",183
"2444",213
"2445",201
"2446",191
"2447",232
"2448",203
"2449",198
"2450",236
"2451",186
"2452",180
"2453",182
"2454",188
"2455",210
"2456",203
"2457",193
"2458",199
"2459",207
"2460",193
"2461",209
"2462",202
"2463",220
"2464",178
"2465",187
"2466",216
"2467",192
"2468",198
"2469",185
"2470",202
"2471",211
"2472",194
"2473",216
"2474",235
"2475",185
"2476",204
"2477",180
"2478",203
"2479",212
"2480",193
"2481",216
"2482",214
"2483",200
"2484",198
"2485",185
"2486",163
"2487",234
"2488",176
"2489",230
"2490",207
"2491",179
"2492",204
"2493",201
"2494",209
"2495",196
"2496",201
"2497",193
"2498",181
"2499",228
"2500",191
"2501",201
"2502",165
"2503",201
"2504",200
"2505",203
"2506",213
"2507",196
"2508",223
"2509",209
"2510",207
"2511",170
"2512",217
"2513",176
"2514",195
"2515",194
"2516",229
"2517",187
"2518",193
"2519",198
"2520",211
"2521",191
"2522",202
"2523",218
"2524",176
"2525",218
"2526",210
"2527",192
"2528",236
"2529",215
"2530",215
"2531",211
"2532",203
"2533",198
"2534",209
"2535",195
"2536",194
"2537",204
"2538",212
"2539",185
"2540",229
"2541",206
"2542",221
"2543",198
"2544",201
"2545",208
"2546",216
"2547",193
"2548",201
"2549",199
"2550",192
"2551",198
"2552",201
"2553",215
"2554",221
"2555",191
"2556",201
"2557",208
"2558",210
"2559",219
"2560",172
"2561",191
"2562",191
"2563",180
"2564",221
"2565",225
"2566",206
"2567",192
"2568",222
"2569",212
"2570",197
"2571",194
"2572",185
"2573",190
"2574",213
"2575",233
"2576",205
"2577",207
"2578",210
"2579",199
"2580",186
"2581",213
"2582",200
"2583",184
"2584",181
"2585",180
"2586",188
"2587",201
"2588",201
"2589",182
"2590",200
"2591",221
"2592",195
"2593",188
"2594",194
"2595",181
"2596",187
"2597",182
"2598",200
"2599",212
"2600",230
"2601",223
"2602",210
"2603",214
"2604",210
"2605",206
"2606",202
"2607",233
"2608",200
"2609",182
"2610",187
"2611",209
"2612",201
"2613",200
"2614",201
"2615",193
"2616",184
"2617",208
"2618",200
"2619",206
"2620",189
"2621",215
"2622",203
"2623",187
"2624",193
"2625",216
"2626",223
"2627",190
"2628",204
"2629",214
"2630",213
"2631",213
"2632",212
"2633",218
"2634",179
"2635",202
"2636",192
"2637",192
"2638",193
"2639",209
"2640",201
"2641",191
"2642",203
"2643",217
"2644",228
"2645",196
"2646",206
"2647",195
"2648",197
"2649",199
"2650",205
"2651",220
"2652",201
"2653",204
"2654",196
"2655",197
"2656",191
"2657",183
"2658",196
"2659",218
"2660",210
"2661",208
"2662",192
"2663",178
"2664",192
"2665",199
"2666",197
"2667",193
"2668",207
"2669",209
"2670",191
"2671",180
"2672",206
"2673",190
"2674",202
"2675",205
"2676",192
"2677",215
"2678",206
"2679",186
"2680",199
"2681",203
"2682",184
"2683",208
"2684",209
"2685",218
"2686",200
"2687",195
"2688",190
"2689",227
"2690",223
"2691",199
"2692",195
"2693",220
"2694",198
"2695",217
"2696",215
"2697",183
"2698",191
"2699",173
"2700",190
"2701",187
"2702",200
"2703",206
"2704",186
"2705",214
"2706",208
"2707",178
"2708",189
"2709",194
"2710",222
"2711",218
"2712",213
"2713",189
"2714",210
"2715",225
"2716",194
"2717",191
"2718",203
"2719",190
"2720",199
"2721",213
"2722",184
"2723",206
"2724",211
"2725",195
"2726",198
"2727",193
"2728",194
"2729",177
"2730",199
"2731",199
"2732",176
"2733",188
"2734",200
"2735",200
"2736",166
"2737",199
"2738",194
"2739",197
"2740",196
"2741",199
"2742",227
"2743",209
"2744",225
"2745",199
"2746",184
"2747",199
"2748",223
"2749",217
"2750",205
"2751",191
"2752",191
"2753",206
"2754",192
"2755",180
"2756",211
"2757",200
"2758",196
"2759",175
"2760",204
"2761",224
"2762",194
"2763",200
"2764",192
"2765",211
"2766",222
"2767",222
"2768",187
"2769",200
"2770",202
"2771",215
"2772",189
"2773",203
"2774",223
"2775",164
"2776",208
"2777",221
"2778",224
"2779",199
"2780",197
"2781",201
"2782",197
"2783",182
"2784",201
"2785",209
"2786",197
"2787",208
"2788",188
"2789",227
"2790",219
"2791",213
"2792",192
"2793",206
"2794",191
"2795",205
"2796",206
"2797",210
"2798",215
"2799",175
"2800",212
"2801",189
"2802",198
"2803",201
"2804",215
"2805",196
"2806",168
"2807",204
"2808",194
"2809",207
"2810",198
"2811",221
"2812",215
"2813",193
"2814",219
"2815",213
"2816",199
"2817",203
"2818",205
"2819",208
"2820",188
"2821",208
"2822",199
"2823",196
"2824",207
"2825",195
"2826",219
"2827",188
"2828",198
"2829",210
"2830",188
"2831",209
"2832",209
"2833",205
"2834",210
"2835",184
"2836",166
"2837",209
"2838",184
"2839",213
"2840",184
"2841",185
"2842",198
"2843",186
"2844",210
"2845",186
"2846",206
"2847",184
"2848",190
"2849",237
"2850",218
"2851",194
"2852",192
"2853",204
"2854",184
"2855",210
"2856",188
"2857",200
"2858",171
"2859",180
"2860",201
"2861",205
"2862",181
"2863",186
"2864",213
"2865",204
"2866",211
"2867",196
"2868",203
"2869",187
"2870",198
"2871",201
"2872",237
"2873",194
"2874",210
"2875",201
"2876",221
"2877",200
"2878",194
"2879",193
"2880",191
"2881",202
"2882",193
"2883",204
"2884",200
"2885",197
"2886",156
"2887",200
"2888",218
"2889",200
"2890",187
"2891",197
"2892",195
"2893",187
"2894",207
"2895",223
"2896",206
"2897",183
"2898",216
"2899",187
"2900",202
"2901",210
"2902",189
"2903",211
"2904",198
"2905",185
"2906",212
"2907",183
"2908",197
"2909",203
"2910",200
"2911",179
"2912",207
"2913",168
"2914",203
"2915",187
"2916",186
"2917",194
"2918",207
"2919",181
"2920",189
"2921",204
"2922",196
"2923",200
"2924",192
"2925",195
"2926",215
"2927",202
"2928",211
"2929",200
"2930",207
"2931",187
"2932",207
"2933",187
"2934",212
"2935",188
"2936",176
"2937",212
"2938",180
"2939",202
"2940",163
"2941",188
"2942",182
"2943",208
"2944",205
"2945",194
"2946",179
"2947",222
"2948",199
"2949",220
"2950",174
"2951",228
"2952",211
"2953",185
"2954",209
"2955",232
"2956",198
"2957",175
"2958",198
"2959",207
"2960",218
"2961",182
"2962",188
"2963",198
"2964",204
"2965",199
"2966",192
"2967",186
"2968",204
"2969",194
"2970",194
"2971",196
"2972",206
"2973",202
"2974",208
"2975",191
"2976",210
"2977",203
"2978",213
"2979",202
"2980",221
"2981",201
"2982",202
"2983",203
"2984",186
"2985",188
"2986",203
"2987",188
"2988",210
"2989",215
"2990",209
"2991",211
"2992",211
"2993",181
"2994",199
"2995",188
"2996",190
"2997",189
"2998",180
"2999",209
"3000",207
"3001",199
"3002",191
"3003",201
"3004",198
"3005",192
"3006",189
"3007",177
"3008",184
"3009",212
"3010",191
"3011",190
"3012",189
"3013",182
"3014",187
"3015",188
"3016",199
"3017",208
"3018",190
"3019",215
"3020",184
"3021",199
"3022",211
"3023",188
"3024",226
"3025",224
"3026",207
"3027",211
"3028",185
"3029",185
"3030",204
"3031",189
"3032",195
"3033",218
"3034",213
"3035",209
"3036",182
"3037",212
"3038",203
"3039",223
"3040",188
"3041",197
"3042",191
"3043",202
"3044",193
"3045",202
"3046",212
"3047",178
"3048",187
"3049",200
"3050",221
"3051",209
"3052",202
"3053",185
"3054",207
"3055",183
"3056",199
"3057",208
"3058",201
"3059",202
"3060",192
"3061",209
"3062",194
"3063",218
"3064",182
"3065",190
"3066",218
"3067",215
"3068",203
"3069",215
"3070",211
"3071",194
"3072",181
"3073",224
"3074",188
"3075",220
"3076",191
"3077",194
"3078",214
"3079",189
"3080",181
"3081",193
"3082",226
"3083",195
"3084",205
"3085",194
"3086",198
"3087",211
"3088",223
"3089",215
"3090",188
"3091",186
"3092",202
"3093",207
"3094",218
"3095",183
"3096",212
"3097",182
"3098",193
"3099",213
"3100",183
"3101",207
"3102",196
"3103",193
"3104",212
"3105",195
"3106",224
"3107",214
"3108",187
"3109",198
"3110",190
"3111",185
"3112",209
"3113",204
"3114",212
"3115",213
"3116",205
"3117",215
"3118",219
"3119",196
"3120",216
"3121",217
"3122",201
"3123",227
"3124",194
"3125",185
"3126",195
"3127",207
"3128",176
"3129",222
"3130",225
"3131",174
"3132",185
"3133",183
"3134",205
"3135",175
"3136",170
"3137",234
"3138",189
"3139",198
"3140",200
"3141",198
"3142",237
"3143",223
"3144",208
"3145",220
"3146",219
"3147",208
"3148",187
"3149",203
"3150",210
"3151",223
"3152",178
"3153",177
"3154",178
"3155",233
"3156",225
"3157",225
"3158",202
"3159",211
"3160",211
"3161",198
"3162",210
"3163",226
"3164",201
"3165",213
"3166",211
"3167",211
"3168",192
"3169",175
"3170",203
"3171",196
"3172",195
"3173",189
"3174",203
"3175",184
"3176",185
"3177",211
"3178",208
"3179",217
"3180",214
"3181",203
"3182",176
"3183",225
"3184",196
"3185",202
"3186",216
"3187",228
"3188",195
"3189",194
"3190",192
"3191",217
"3192",217
"3193",207
"3194",202
"3195",181
"3196",198
"3197",194
"3198",186
"3199",193
"3200",206
"3201",201
"3202",208
"3203",187
"3204",205
"3205",183
"3206",203
"3207",198
"3208",193
"3209",233
"3210",196
"3211",202
"3212",194
"3213",193
"3214",202
"3215",197
"3216",191
"3217",223
"3218",201
"3219",207
"3220",194
"3221",219
"3222",207
"3223",220
"3224",183
"3225",179
"3226",208
"3227",202
"3228",203
"3229",201
"3230",186
"3231",209
"3232",180
"3233",209
"3234",186
"3235",208
"3236",211
"3237",172
"3238",224
"3239",195
"3240",209
"3241",197
"3242",195
"3243",198
"3244",196
"3245",229
"3246",205
"3247",211
"3248",210
"3249",195
"3250",195
"3251",201
"3252",181
"3253",204
"3254",183
"3255",198
"3256",194
"3257",187
"3258",206
"3259",200
"3260",229
"3261",195
"3262",188
"3263",216
"3264",208
"3265",211
"3266",192
"3267",189
"3268",182
"3269",198
"3270",197
"3271",214
"3272",185
"3273",216
"3274",205
"3275",196
"3276",210
"3277",194
"3278",190
"3279",208
"3280",177
"3281",187
"3282",214
"3283",183
"3284",175
"3285",213
"3286",173
"3287",193
"3288",200
"3289",221
"3290",204
"3291",210
"3292",217
"3293",196
"3294",193
"3295",192
"3296",209
"3297",212
"3298",224
"3299",198
"3300",223
"3301",191
"3302",193
"3303",200
"3304",234
"3305",198
"3306",205
"3307",193
"3308",217
"3309",194
"3310",190
"3311",225
"3312",187
"3313",203
"3314",217
"3315",214
"3316",210
"3317",218
"3318",175
"3319",198
"3320",223
"3321",220
"3322",187
"3323",205
"3324",203
"3325",198
"3326",203
"3327",201
"3328",191
"3329",178
"3330",205
"3331",197
"3332",186
"3333",201
"3334",211
"3335",194
"3336",212
"3337",195
"3338",193
"3339",199
"3340",186
"3341",205
"3342",187
"3343",191
"3344",194
"3345",221
"3346",177
"3347",205
"3348",188
"3349",209
"3350",195
"3351",187
"3352",192
"3353",208
"3354",178
"3355",209
"3356",211
"3357",203
"3358",183
"3359",214
"3360",180
"3361",191
"3362",207
"3363",211
"3364",187
"3365",216
"3366",165
"3367",209
"3368",187
"3369",197
"3370",204
"3371",213
"3372",211
"3373",189
"3374",204
"3375",193
"3376",205
"3377",204
"3378",177
"3379",205
"3380",186
"3381",179
"3382",205
"3383",183
"3384",193
"3385",203
"3386",193
"3387",193
"3388",214
"3389",206
"3390",182
"3391",194
"3392",196
"3393",217
"3394",194
"3395",190
"3396",190
"3397",178
"3398",203
"3399",177
"3400",209
"3401",201
"3402",222
"3403",210
"3404",204
"3405",201
"3406",237
"3407",208
"3408",206
"3409",218
"3410",188
"3411",213
"3412",181
"3413",184
"3414",203
"3415",188
"3416",202
"3417",188
"3418",185
"3419",234
"3420",229
"3421",210
"3422",197
"3423",189
"3424",216
"3425",190
"3426",225
"3427",199
"3428",195
"3429",195
"3430",196
"3431",179
"3432",206
"3433",207
"3434",187
"3435",186
"3436",199
"3437",189
"3438",179
"3439",191
"3440",172
"3441",203
"3442",224
"3443",192
"3444",221
"3445",190
"3446",219
"3447",205
"3448",184
"3449",189
"3450",238
"3451",205
"3452",197
"3453",230
"3454",200
"3455",185
"3456",197
"3457",193
"3458",181
"3459",201
"3460",221
"3461",238
"3462",194
"3463",209
"3464",179
"3465",183
"3466",206
"3467",221
"3468",211
"3469",208
"3470",236
"3471",206
"3472",191
"3473",196
"3474",200
"3475",205
"3476",217
"3477",203
"3478",210
"3479",204
"3480",244
"3481",188
"3482",203
"3483",198
"3484",191
"3485",200
"3486",191
"3487",229
"3488",188
"3489",188
"3490",193
"3491",222
"3492",219
"3493",195
"3494",189
"3495",175
"3496",195
"3497",163
"3498",193
"3499",196
"3500",194
"3501",188
"3502",218
"3503",217
"3504",225
"3505",189
"3506",201
"3507",189
"3508",201
"3509",182
"3510",207
"3511",196
"3512",197
"3513",192
"3514",193
"3515",217
"3516",193
"3517",200
"3518",200
"3519",227
"3520",186
"3521",207
"3522",195
"3523",210
"3524",217
"3525",190
"3526",209
"3527",211
"3528",194
"3529",189
"3530",193
"3531",198
"3532",203
"3533",235
"3534",196
"3535",207
"3536",196
"3537",196
"3538",209
"3539",213
"3540",165
"3541",198
"3542",189
"3543",215
"3544",185
"3545",203
"3546",191
"3547",183
"3548",188
"3549",190
"3550",194
"3551",211
"3552",202
"3553",194
"3554",198
"3555",190
"3556",193
"3557",207
"3558",226
"3559",206
"3560",227
"3561",193
"3562",229
"3563",180
"3564",196
"3565",191
"3566",175
"3567",213
"3568",185
"3569",216
"3570",208
"3571",186
"3572",187
"3573",181
"3574",213
"3575",183
"3576",205
"3577",179
"3578",183
"3579",236
"3580",182
"3581",200
"3582",199
"3583",188
"3584",191
"3585",204
"3586",206
"3587",211
"3588",200
"3589",231
"3590",191
"3591",189
"3592",168
"3593",216
"3594",209
"3595",188
"3596",198
"3597",203
"3598",177
"3599",206
"3600",203
"3601",224
"3602",198
"3603",223
"3604",190
"3605",220
"3606",210
"3607",220
"3608",198
"3609",219
"3610",202
"3611",207
"3612",231
"3613",204
"3614",187
"3615",234
"3616",191
"3617",226
"3618",198
"3619",173
"3620",188
"3621",204
"3622",188
"3623",199
"3624",183
"3625",197
"3626",209
"3627",205
"3628",204
"3629",197
"3630",190
"3631",201
"3632",207
"3633",192
"3634",178
"3635",208
"3636",210
"3637",193
"3638",199
"3639",195
"3640",192
"3641",192
"3642",220
"3643",182
"3644",198
"3645",212
"3646",199
"3647",223
"3648",210
"3649",186
"3650",219
"3651",211
"3652",187
"3653",209
"3654",194
"3655",205
"3656",189
"3657",220
"3658",215
"3659",182
"3660",188
"3661",204
"3662",196
"3663",191
"3664",188
"3665",191
"3666",202
"3667",202
"3668",214
"3669",208
"3670",188
"3671",216
"3672",212
"3673",203
"3674",180
"3675",210
"3676",196
"3677",214
"3678",167
"3679",206
"3680",201
"3681",200
"3682",194
"3683",188
"3684",210
"3685",215
"3686",177
"3687",207
"3688",187
"3689",204
"3690",216
"3691",195
"3692",212
"3693",199
"3694",179
"3695",176
"3696",222
"3697",203
"3698",197
"3699",198
"3700",200
"3701",175
"3702",194
"3703",190
"3704",218
"3705",199
"3706",201
"3707",198
"3708",170
"3709",212
"3710",219
"3711",205
"3712",212
"3713",210
"3714",189
"3715",204
"3716",186
"3717",173
"3718",216
"3719",186
"3720",169
"3721",202
"3722",213
"3723",212
"3724",179
"3725",201
"3726",216
"3727",219
"3728",207
"3729",210
"3730",200
"3731",216
"3732",169
"3733",199
"3734",215
"3735",209
"3736",184
"3737",212
"3738",192
"3739",189
"3740",220
"3741",196
"3742",194
"3743",190
"3744",217
"3745",190
"3746",216
"3747",185
"3748",187
"3749",196
"3750",183
"3751",199
"3752",207
"3753",192
"3754",191
"3755",197
"3756",199
"3757",184
"3758",195
"3759",209
"3760",213
"3761",195
"3762",228
"3763",215
"3764",231
"3765",196
"3766",200
"3767",197
"3768",194
"3769",191
"3770",170
"3771",236
"3772",195
"3773",204
"3774",210
"3775",194
"3776",203
"3777",216
"3778",189
"3779",200
"3780",194
"3781",209
"3782",179
"3783",202
"3784",216
"3785",188
"3786",216
"3787",209
"3788",202
"3789",192
"3790",191
"3791",193
"3792",200
"3793",183
"3794",189
"3795",230
"3796",150
"3797",211
"3798",198
"3799",217
"3800",207
"3801",189
"3802",175
"3803",205
"3804",176
"3805",213
"3806",227
"3807",194
"3808",180
"3809",200
"3810",196
"3811",194
"3812",189
"3813",187
"3814",222
"3815",185
"3816",181
"3817",193
"3818",212
"3819",229
"3820",197
"3821",185
"3822",183
"3823",183
"3824",210
"3825",191
"3826",176
"3827",199
"3828",191
"3829",197
"3830",227
"3831",178
"3832",197
"3833",210
"3834",196
"3835",193
"3836",192
"3837",200
"3838",222
"3839",173
"3840",207
"3841",196
"3842",184
"3843",213
"3844",191
"3845",191
"3846",194
"3847",197
"3848",178
"3849",193
"3850",212
"3851",185
"3852",191
"3853",209
"3854",207
"3855",188
"3856",223
"3857",222
"3858",187
"3859",196
"3860",208
"3861",204
"3862",188
"3863",223
"3864",222
"3865",179
"3866",218
"3867",183
"3868",208
"3869",174
"3870",217
"3871",190
"3872",196
"3873",226
"3874",194
"3875",214
"3876",224
"3877",200
"3878",212
"3879",192
"3880",200
"3881",166
"3882",229
"3883",198
"3884",202
"3885",202
"3886",202
"3887",181
"3888",187
"3889",187
"3890",189
"3891",218
"3892",202
"3893",198
"3894",177
"3895",188
"3896",207
"3897",227
"3898",222
"3899",192
"3900",202
"3901",212
"3902",205
"3903",216
"3904",193
"3905",180
"3906",191
"3907",219
"3908",195
"3909",198
"3910",171
"3911",203
"3912",192
"3913",192
"3914",190
"3915",201
"3916",198
"3917",202
"3918",190
"3919",212
"3920",200
"3921",185
"3922",194
"3923",190
"3924",193
"3925",202
"3926",208
"3927",203
"3928",198
"3929",209
"3930",186
"3931",198
"3932",190
"3933",175
"3934",204
"3935",210
"3936",191
"3937",188
"3938",203
"3939",178
"3940",195
"3941",195
"3942",199
"3943",200
"3944",209
"3945",211
"3946",194
"3947",187
"3948",183
"3949",207
"3950",239
"3951",191
"3952",205
"3953",190
"3954",203
"3955",205
"3956",205
"3957",197
"3958",184
"3959",216
"3960",202
"3961",222
"3962",189
"3963",225
"3964",196
"3965",184
"3966",182
"3967",196
"3968",194
"3969",190
"3970",197
"3971",195
"3972",178
"3973",200
"3974",221
"3975",198
"3976",179
"3977",197
"3978",196
"3979",190
"3980",199
"3981",218
"3982",217
"3983",232
"3984",208
"3985",167
"3986",210
"3987",189
"3988",192
"3989",169
"3990",217
"3991",206
"3992",184
"3993",188
"3994",183
"3995",193
"3996",223
"3997",201
"3998",205
"3999",193
"4000",182
"4001",179
"4002",169
"4003",213
"4004",194
"4005",188
"4006",198
"4007",178
"4008",230
"4009",193
"4010",201
"4011",189
"4012",198
"4013",201
"4014",182
"4015",170
"4016",197
"4017",200
"4018",206
"4019",206
"4020",218
"4021",185
"4022",213
"4023",215
"4024",215
"4025",195
"4026",206
"4027",177
"4028",235
"4029",206
"4030",183
"4031",205
"4032",208
"4033",201
"4034",223
"4035",209
"4036",212
"4037",184
"4038",198
"4039",172
"4040",191
"4041",217
"4042",201
"4043",213
"4044",203
"4045",224
"4046",195
"4047",228
"4048",203
"4049",180
"4050",208
"4051",183
"4052",200
"4053",200
"4054",185
"4055",192
"4056",219
"4057",202
"4058",194
"4059",174
"4060",215
"4061",220
"4062",187
"4063",182
"4064",219
"4065",204
"4066",211
"4067",209
"4068",179
"4069",211
"4070",192
"4071",202
"4072",230
"4073",200
"4074",206
"4075",187
"4076",164
"4077",190
"4078",195
"4079",200
"4080",161
"4081",206
"4082",198
"4083",189
"4084",197
"4085",206
"4086",218
"4087",169
"4088",181
"4089",205
"4090",219
"4091",184
"4092",198
"4093",209
"4094",217
"4095",195
"4096",202
"4097",195
"4098",201
"4099",181
"4100",209
"4101",198
"4102",213
"4103",194
"4104",188
"4105",201
"4106",219
"4107",199
"4108",200
"4109",203
"4110",196
"4111",198
"4112",188
"4113",205
"4114",177
"4115",210
"4116",209
"4117",187
"4118",200
"4119",192
"4120",192
"4121",201
"4122",174
"4123",215
"4124",210
"4125",214
"4126",191
"4127",204
"4128",194
"4129",217
"4130",180
"4131",217
"4132",217
"4133",203
"4134",185
"4135",199
"4136",214
"4137",168
"4138",196
"4139",173
"4140",198
"4141",191
"4142",202
"4143",207
"4144",206
"4145",202
"4146",202
"4147",202
"4148",199
"4149",195
"4150",212
"4151",197
"4152",196
"4153",207
"4154",188
"4155",214
"4156",189
"4157",184
"4158",202
"4159",206
"4160",184
"4161",201
"4162",189
"4163",161
"4164",190
"4165",218
"4166",216
"4167",178
"4168",191
"4169",201
"4170",176
"4171",205
"4172",228
"4173",193
"4174",176
"4175",170
"4176",194
"4177",221
"4178",188
"4179",219
"4180",204
"4181",232
"4182",213
"4183",222
"4184",177
"4185",196
"4186",204
"4187",225
"4188",192
"4189",180
"4190",194
"4191",194
"4192",221
"4193",218
"4194",193
"4195",207
"4196",194
"4197",192
"4198",200
"4199",196
"4200",200
"4201",184
"4202",188
"4203",204
"4204",193
"4205",219
"4206",186
"4207",205
"4208",203
"4209",186
"4210",190
"4211",195
"4212",201
"4213",193
"4214",189
"4215",211
"4216",205
"4217",198
"4218",191
"4219",205
"4220",168
"4221",187
"4222",187
"4223",202
"4224",218
"4225",198
"4226",179
"4227",184
"4228",197
"4229",200
"4230",200
"4231",211
"4232",177
"4233",193
"4234",214
"4235",225
"4236",170
"4237",220
"4238",204
"4239",212
"4240",194
"4241",219
"4242",198
"4243",202
"4244",180
"4245",184
"4246",193
"4247",197
"4248",185
"4249",193
"4250",204
"4251",226
"4252",215
"4253",207
"4254",209
"4255",193
"4256",231
"4257",197
"4258",197
"4259",208
"4260",201
"4261",187
"4262",203
"4263",207
"4264",208
"4265",196
"4266",201
"4267",198
"4268",205
"4269",224
"4270",203
"4271",187
"4272",184
"4273",198
"4274",190
"4275",208
"4276",194
"4277",228
"4278",209
"4279",216
"4280",231
"4281",222
"4282",191
"4283",212
"4284",207
"4285",214
"4286",198
"4287",185
"4288",224
"4289",228
"4290",198
"4291",206
"4292",218
"4293",217
"4294",236
"4295",194
"4296",183
"4297",192
"4298",191
"4299",196
"4300",193
"4301",195
"4302",172
"4303",222
"4304",243
"4305",197
"4306",212
"4307",213
"4308",222
"4309",203
"4310",206
"4311",228
"4312",163
"4313",206
"4314",209
"4315",198
"4316",180
"4317",192
"4318",187
"4319",191
"4320",181
"4321",197
"4322",190
"4323",198
"4324",179
"4325",204
"4326",208
"4327",203
"4328",188
"4329",195
"4330",226
"4331",226
"4332",199
"4333",196
"4334",208
"4335",214
"4336",186
"4337",192
"4338",207
"4339",196
"4340",184
"4341",224
"4342",197
"4343",189
"4344",203
"4345",218
"4346",196
"4347",202
"4348",191
"4349",199
"4350",204
"4351",193
"4352",199
"4353",196
"4354",208
"4355",205
"4356",171
"4357",220
"4358",206
"4359",199
"4360",213
"4361",199
"4362",182
"4363",192
"4364",188
"4365",223
"4366",181
"4367",192
"4368",194
"4369",207
"4370",205
"4371",206
"4372",175
"4373",206
"4374",205
"4375",211
"4376",205
"4377",205
"4378",199
"4379",203
"4380",201
"4381",190
"4382",201
"4383",204
"4384",197
"4385",195
"4386",194
"4387",167
"4388",221
"4389",209
"4390",188
"4391",204
"4392",216
"4393",198
"4394",176
"4395",199
"4396",179
"4397",236
"4398",191
"4399",206
"4400",209
"4401",203
"4402",226
"4403",220
"4404",206
"4405",198
"4406",195
"4407",195
"4408",194
"4409",214
"4410",194
"4411",205
"4412",202
"4413",204
"4414",180
"4415",210
"4416",202
"4417",201
"4418",202
"4419",205
"4420",221
"4421",197
"4422",180
"4423",209
"4424",211
"4425",184
"4426",212
"4427",171
"4428",185
"4429",207
"4430",201
"4431",191
"4432",178
"4433",203
"4434",194
"4435",187
"4436",182
"4437",186
"4438",188
"4439",199
"4440",226
"4441",219
"4442",215
"4443",205
"4444",198
"4445",179
"4446",170
"4447",211
"4448",189
"4449",208
"4450",194
"4451",199
"4452",214
"4453",196
"4454",223
"4455",201
"4456",205
"4457",201
"4458",205
"4459",196
"4460",216
"4461",208
"4462",177
"4463",208
"4464",199
"4465",208
"4466",224
"4467",212
"4468",204
"4469",175
"4470",212
"4471",185
"4472",219
"4473",182
"4474",192
"4475",186
"4476",184
"4477",210
"4478",192
"4479",201
"4480",221
"4481",194
"4482",201
"4483",203
"4484",211
"4485",206
"4486",195
"4487",213
"4488",187
"4489",203
"4490",180
"4491",200
"4492",182
"4493",206
"4494",205
"4495",197
"4496",238
"4497",201
"4498",236
"4499",195
"4500",206
"4501",175
"4502",204
"4503",213
"4504",198
"4505",184
"4506",207
"4507",210
"4508",196
"4509",199
"4510",183
"4511",202
"4512",215
"4513",189
"4514",191
"4515",163
"4516",222
"4517",205
"4518",205
"4519",183
"4520",192
"4521",227
"4522",192
"4523",201
"4524",196
"4525",207
"4526",194
"4527",190
"4528",203
"4529",200
"4530",188
"4531",192
"4532",182
"4533",202
"4534",193
"4535",165
"4536",169
"4537",193
"4538",239
"4539",191
"4540",196
"4541",204
"4542",207
"4543",185
"4544",217
"4545",205
"4546",204
"4547",204
"4548",233
"4549",202
"4550",201
"4551",217
"4552",184
"4553",198
"4554",201
"4555",200
"4556",192
"4557",207
"4558",188
"4559",227
"4560",198
"4561",201
"4562",208
"4563",198
"4564",192
"4565",222
"4566",195
"4567",206
"4568",214
"4569",218
"4570",200
"4571",192
"4572",197
"4573",210
"4574",199
"4575",193
"4576",202
"4577",168
"4578",197
"4579",205
"4580",224
"4581",189
"4582",203
"4583",221
"4584",192
"4585",200
"4586",215
"4587",210
"4588",191
"4589",230
"4590",209
"4591",200
"4592",216
"4593",191
"4594",207
"4595",220
"4596",184
"4597",209
"4598",208
"4599",203
"4600",181
"4601",184
"4602",198
"4603",192
"4604",204
"4605",187
"4606",213
"4607",198
"4608",200
"4609",194
"4610",176
"4611",198
"4612",195
"4613",191
"4614",206
"4615",191
"4616",208
"4617",189
"4618",190
"4619",186
"4620",204
"4621",195
"4622",199
"4623",206
"4624",192
"4625",228
"4626",199
"4627",192
"4628",226
"4629",185
"4630",202
"4631",189
"4632",204
"4633",211
"4634",194
"4635",200
"4636",219
"4637",195
"4638",195
"4639",181
"4640",195
"4641",186
"4642",197
"4643",218
"4644",210
"4645",220
"4646",215
"4647",188
"4648",197
"4649",197
"4650",238
"4651",202
"4652",172
"4653",179
"4654",187
"4655",191
"4656",211
"4657",188
"4658",211
"4659",217
"4660",228
"4661",211
"4662",179
"4663",212
"4664",198
"4665",207
"4666",223
"4667",208
"4668",200
"4669",205
"4670",200
"4671",201
"4672",207
"4673",215
"4674",169
"4675",209
"4676",198
"4677",191
"4678",198
"4679",193
"4680",205
"4681",217
"4682",195
"4683",181
"4684",193
"4685",200
"4686",202
"4687",204
"4688",193
"4689",227
"4690",185
"4691",179
"4692",207
"4693",175
"4694",208
"4695",212
"4696",189
"4697",230
"4698",186
"4699",202
"4700",204
"4701",197
"4702",185
"4703",202
"4704",177
"4705",207
"4706",229
"4707",212
"4708",185
"4709",200
"4710",203
"4711",200
"4712",197
"4713",182
"4714",198
"4715",198
"4716",210
"4717",211
"4718",182
"4719",169
"4720",196
"4721",197
"4722",216
"4723",201
"4724",189
"4725",217
"4726",182
"4727",211
"4728",202
"4729",228
"4730",191
"4731",194
"4732",216
"4733",207
"4734",197
"4735",199
"4736",217
"4737",215
"4738",209
"4739",200
"4740",184
"4741",210
"4742",195
"4743",186
"4744",194
"4745",164
"4746",229
"4747",210
"4748",212
"4749",205
"4750",215
"4751",202
"4752",200
"4753",216
"4754",200
"4755",186
"4756",194
"4757",176
"4758",193
"4759",209
"4760",181
"4761",190
"4762",205
"4763",214
"4764",191
"4765",205
"4766",209
"4767",198
"4768",205
"4769",189
"4770",230
"4771",189
"4772",196
"4773",182
"4774",200
"4775",173
"4776",206
"4777",220
"4778",206
"4779",201
"4780",213
"4781",184
"4782",220
"4783",214
"4784",198
"4785",196
"4786",196
"4787",226
"4788",203
"4789",189
"4790",176
"4791",212
"4792",204
"4793",201
"4794",187
"4795",211
"4796",185
"4797",218
"4798",231
"4799",211
"4800",202
"4801",206
"4802",191
"4803",200
"4804",172
"4805",207
"4806",194
"4807",183
"4808",198
"4809",201
"4810",173
"4811",193
"4812",214
"4813",194
"4814",203
"4815",196
"4816",195
"4817",200
"4818",199
"4819",180
"4820",214
"4821",206
"4822",190
"4823",227
"4824",194
"4825",183
"4826",205
"4827",221
"4828",205
"4829",219
"4830",235
"4831",191
"4832",197
"4833",209
"4834",209
"4835",192
"4836",203
"4837",209
"4838",188
"4839",212
"4840",213
"4841",201
"4842",233
"4843",213
"4844",201
"4845",198
"4846",191
"4847",193
"4848",184
"4849",213
"4850",195
"4851",203
"4852",211
"4853",198
"4854",209
"4855",198
"4856",175
"4857",223
"4858",195
"4859",197
"4860",222
"4861",176
"4862",206
"4863",199
"4864",188
"4865",199
"4866",212
"4867",212
"4868",164
"4869",190
"4870",191
"4871",177
"4872",206
"4873",196
"4874",179
"4875",185
"4876",195
"4877",199
"4878",206
"4879",223
"4880",234
"4881",220
"4882",197
"4883",212
"4884",195
"4885",211
"4886",212
"4887",186
"4888",235
"4889",207
"4890",184
"4891",225
"4892",223
"4893",204
"4894",203
"4895",209
"4896",186
"4897",209
"4898",194
"4899",233
"4900",218
"4901",183
"4902",204
"4903",184
"4904",213
"4905",214
"4906",209
"4907",221
"4908",217
"4909",182
"4910",193
"4911",198
"4912",175
"4913",190
"4914",195
"4915",180
"4916",200
"4917",196
"4918",199
"4919",204
"4920",206
"4921",213
"4922",188
"4923",187
"4924",211
"4925",193
"4926",201
"4927",183
"4928",210
"4929",199
"4930",182
"4931",188
"4932",198
"4933",214
"4934",195
"4935",195
"4936",204
"4937",214
"4938",187
"4939",221
"4940",185
"4941",203
"4942",170
"4943",209
"4944",186
"4945",201
"4946",212
"4947",203
"4948",181
"4949",198
"4950",183
"4951",184
"4952",188
"4953",205
"4954",198
"4955",190
"4956",169
"4957",196
"4958",196
"4959",191
"4960",177
"4961",208
"4962",191
"4963",178
"4964",223
"4965",177
"4966",199
"4967",212
"4968",184
"4969",200
"4970",178
"4971",191
"4972",232
"4973",224
"4974",210
"4975",200
"4976",190
"4977",195
"4978",197
"4979",186
"4980",195
"4981",213
"4982",203
"4983",184
"4984",213
"4985",226
"4986",170
"4987",215
"4988",214
"4989",175
"4990",209
"4991",216
"4992",200
"4993",202
"4994",191
"4995",199
"4996",194
"4997",227
"4998",212
"4999",197
"5000",210
"5001",197
"5002",207
"5003",194
"5004",224
"5005",209
"5006",189
"5007",212
"5008",227
"5009",232
"5010",207
"5011",200
"5012",193
"5013",221
"5014",178
"5015",207
"5016",193
"5017",208
"5018",198
"5019",204
"5020",186
"5021",204
"5022",219
"5023",175
"5024",220
"5025",228
"5026",204
"5027",167
"5028",218
"5029",224
"5030",193
"5031",188
"5032",218
"5033",173
"5034",195
"5035",201
"5036",195
"5037",210
"5038",179
"5039",185
"5040",211
"5041",209
"5042",196
"5043",205
"5044",194
"5045",192
"5046",189
"5047",183
"5048",179
"5049",207
"5050",182
"5051",196
"5052",213
"5053",185
"5054",227
"5055",192
"5056",201
"5057",203
"5058",173
"5059",184
"5060",205
"5061",225
"5062",194
"5063",237
"5064",200
"5065",193
"5066",202
"5067",192
"5068",193
"5069",170
"5070",160
"5071",193
"5072",205
"5073",189
"5074",200
"5075",199
"5076",182
"5077",175
"5078",194
"5079",213
"5080",176
"5081",230
"5082",197
"5083",180
"5084",187
"5085",205
"5086",214
"5087",209
"5088",208
"5089",230
"5090",188
"5091",207
"5092",199
"5093",198
"5094",221
"5095",188
"5096",188
"5097",198
"5098",201
"5099",217
"5100",184
"5101",184
"5102",213
"5103",198
"5104",224
"5105",203
"5106",191
"5107",174
"5108",182
"5109",177
"5110",195
"5111",196
"5112",215
"5113",182
"5114",207
"5115",191
"5116",200
"5117",208
"5118",195
"5119",221
"5120",193
"5121",221
"5122",208
"5123",196
"5124",222
"5125",187
"5126",212
"5127",219
"5128",199
"5129",208
"5130",186
"5131",218
"5132",206
"5133",209
"5134",194
"5135",198
"5136",210
"5137",189
"5138",214
"5139",204
"5140",224
"5141",208
"5142",227
"5143",179
"5144",214
"5145",201
"5146",184
"5147",204
"5148",219
"5149",181
"5150",180
"5151",230
"5152",188
"5153",209
"5154",178
"5155",189
"5156",205
"5157",187
"5158",197
"5159",200
"5160",188
"5161",219
"5162",179
"5163",211
"5164",168
"5165",171
"5166",219
"5167",183
"5168",203
"5169",186
"5170",207
"5171",203
"5172",202
"5173",189
"5174",204
"5175",206
"5176",196
"5177",179
"5178",201
"5179",178
"5180",192
"5181",184
"5182",202
"5183",185
"5184",194
"5185",219
"5186",200
"5187",196
"5188",181
"5189",204
"5190",195
"5191",188
"5192",203
"5193",196
"5194",221
"5195",195
"5196",212
"5197",187
"5198",202
"5199",184
"5200",211
"5201",206
"5202",198
"5203",187
"5204",193
"5205",208
"5206",198
"5207",177
"5208",192
"5209",208
"5210",192
"5211",205
"5212",191
"5213",195
"5214",208
"5215",219
"5216",213
"5217",184
"5218",190
"5219",157
"5220",186
"5221",232
"5222",205
"5223",188
"5224",170
"5225",193
"5226",187
"5227",195
"5228",215
"5229",214
"5230",188
"5231",190
"5232",202
"5233",221
"5234",186
"5235",208
"5236",202
"5237",196
"5238",193
"5239",194
"5240",211
"5241",216
"5242",168
"5243",210
"5244",198
"5245",186
"5246",197
"5247",173
"5248",202
"5249",221
"5250",211
"5251",190
"5252",177
"5253",211
"5254",189
"5255",211
"5256",188
"5257",210
"5258",194
"5259",218
"5260",235
"5261",176
"5262",203
"5263",188
"5264",191
"5265",215
"5266",170
"5267",203
"5268",187
"5269",173
"5270",193
"5271",196
"5272",194
"5273",194
"5274",188
"5275",206
"5276",189
"5277",196
"5278",242
"5279",186
"5280",204
"5281",203
"5282",208
"5283",217
"5284",200
"5285",201
"5286",194
"5287",220
"5288",234
"5289",216
"5290",204
"5291",194
"5292",198
"5293",194
"5294",190
"5295",212
"5296",206
"5297",217
"5298",156
"5299",187
"5300",209
"5301",204
"5302",212
"5303",203
"5304",198
"5305",182
"5306",204
"5307",201
"5308",217
"5309",191
"5310",206
"5311",193
"5312",195
"5313",198
"5314",190
"5315",216
"5316",196
"5317",182
"5318",191
"5319",227
"5320",160
"5321",212
"5322",195
"5323",192
"5324",193
"5325",194
"5326",209
"5327",197
"5328",181
"5329",203
"5330",198
"5331",201
"5332",179
"5333",187
"5334",194
"5335",208
"5336",210
"5337",198
"5338",174
"5339",210
"5340",221
"5341",202
"5342",191
"5343",230
"5344",193
"5345",191
"5346",187
"5347",210
"5348",183
"5349",188
"5350",201
"5351",201
"5352",193
"5353",203
"5354",216
"5355",185
"5356",171
"5357",226
"5358",200
"5359",197
"5360",201
"5361",207
"5362",200
"5363",208
"5364",196
"5365",215
"5366",201
"5367",174
"5368",177
"5369",209
"5370",194
"5371",215
"5372",210
"5373",195
"5374",206
"5375",194
"5376",210
"5377",196
"5378",198
"5379",197
"5380",199
"5381",210
"5382",207
"5383",206
"5384",177
"5385",207
"5386",188
"5387",191
"5388",199
"5389",207
"5390",197
"5391",200
"5392",230
"5393",217
"5394",195
"5395",183
"5396",193
"5397",199
"5398",200
"5399",190
"5400",204
"5401",188
"5402",190
"5403",182
"5404",201
"5405",229
"5406",229
"5407",203
"5408",193
"5409",208
"5410",223
"5411",200
"5412",227
"5413",189
"5414",204
"5415",200
"5416",222
"5417",203
"5418",228
"5419",196
"5420",216
"5421",192
"5422",199
"5423",188
"5424",214
"5425",188
"5426",208
"5427",210
"5428",213
"5429",182
"5430",223
"5431",208
"5432",204
"5433",204
"5434",185
"5435",220
"5436",184
"5437",206
"5438",189
"5439",199
"5440",202
"5441",185
"5442",201
"5443",221
"5444",192
"5445",197
"5446",186
"5447",189
"5448",200
"5449",191
"5450",222
"5451",173
"5452",199
"5453",197
"5454",199
"5455",214
"5456",201
"5457",211
"5458",209
"5459",198
"5460",186
"5461",231
"5462",200
"5463",215
"5464",212
"5465",205
"5466",188
"5467",212
"5468",196
"5469",208
"5470",185
"5471",214
"5472",201
"5473",193
"5474",197
"5475",198
"5476",185
"5477",201
"5478",222
"5479",189
"5480",202
"5481",184
"5482",183
"5483",225
"5484",198
"5485",202
"5486",174
"5487",210
"5488",187
"5489",212
"5490",205
"5491",173
"5492",196
"5493",195
"5494",218
"5495",204
"5496",198
"5497",174
"5498",195
"5499",208
"5500",185
"5501",185
"5502",195
"5503",202
"5504",207
"5505",196
"5506",204
"5507",231
"5508",195
"5509",197
"5510",207
"5511",201
"5512",225
"5513",205
"5514",192
"5515",193
"5516",190
"5517",203
"5518",184
"5519",186
"5520",217
"5521",186
"5522",204
"5523",233
"5524",205
"5525",193
"5526",214
"5527",200
"5528",212
"5529",202
"5530",194
"5531",185
"5532",220
"5533",225
"5534",224
"5535",205
"5536",193
"5537",214
"5538",203
"5539",205
"5540",198
"5541",218
"5542",200
"5543",196
"5544",203
"5545",203
"5546",206
"5547",185
"5548",202
"5549",214
"5550",207
"5551",199
"5552",232
"5553",199
"5554",193
"5555",178
"5556",203
"5557",238
"5558",186
"5559",211
"5560",195
"5561",196
"5562",186
"5563",194
"5564",200
"5565",221
"5566",212
"5567",219
"5568",222
"5569",190
"5570",207
"5571",215
"5572",201
"5573",218
"5574",196
"5575",182
"5576",199
"5577",200
"5578",218
"5579",206
"5580",225
"5581",208
"5582",218
"5583",217
"5584",199
"5585",201
"5586",209
"5587",177
"5588",196
"5589",206
"5590",164
"5591",188
"5592",193
"5593",219
"5594",189
"5595",196
"5596",204
"5597",187
"5598",157
"5599",199
"5600",223
"5601",194
"5602",193
"5603",215
"5604",185
"5605",189
"5606",201
"5607",192
"5608",194
"5609",192
"5610",206
"5611",202
"5612",194
"5613",195
"5614",210
"5615",204
"5616",195
"5617",198
"5618",206
"5619",204
"5620",193
"5621",176
"5622",205
"5623",197
"5624",182
"5625",187
"5626",235
"5627",183
"5628",224
"5629",208
"5630",203
"5631",195
"5632",178
"5633",191
"5634",190
"5635",220
"5636",226
"5637",185
"5638",186
"5639",208
"5640",206
"5641",206
"5642",215
"5643",188
"5644",202
"5645",221
"5646",198
"5647",208
"5648",210
"5649",199
"5650",192
"5651",192
"5652",209
"5653",202
"5654",208
"5655",179
"5656",194
"5657",197
"5658",177
"5659",189
"5660",220
"5661",208
"5662",186
"5663",236
"5664",216
"5665",194
"5666",191
"5667",189
"5668",213
"5669",186
"5670",214
"5671",200
"5672",187
"5673",207
"5674",216
"5675",196
"5676",180
"5677",180
"5678",191
"5679",197
"5680",200
"5681",230
"5682",213
"5683",196
"5684",197
"5685",208
"5686",221
"5687",177
"5688",218
"5689",204
"5690",177
"5691",214
"5692",196
"5693",200
"5694",205
"5695",219
"5696",223
"5697",212
"5698",183
"5699",233
"5700",173
"5701",168
"5702",208
"5703",224
"5704",192
"5705",186
"5706",209
"5707",220
"5708",213
"5709",174
"5710",215
"5711",203
"5712",214
"5713",209
"5714",218
"5715",201
"5716",171
"5717",169
"5718",197
"5719",221
"5720",220
"5721",195
"5722",214
"5723",195
"5724",206
"5725",197
"5726",190
"5727",192
"5728",194
"5729",186
"5730",212
"5731",190
"5732",193
"5733",198
"5734",188
"5735",187
"5736",184
"5737",198
"5738",182
"5739",195
"5740",188
"5741",219
"5742",213
"5743",227
"5744",186
"5745",173
"5746",208
"5747",191
"5748",189
"5749",190
"5750",198
"5751",207
"5752",191
"5753",202
"5754",208
"5755",173
"5756",197
"5757",204
"5758",198
"5759",217
"5760",191
"5761",209
"5762",193
"5763",193
"5764",205
"5765",201
"5766",213
"5767",191
"5768",190
"5769",219
"5770",197
"5771",191
"5772",209
"5773",192
"5774",192
"5775",203
"5776",195
"5777",205
"5778",200
"5779",181
"5780",202
"5781",223
"5782",202
"5783",227
"5784",199
"5785",199
"5786",198
"5787",212
"5788",169
"5789",195
"5790",198
"5791",193
"5792",204
"5793",208
"5794",188
"5795",204
"5796",220
"5797",207
"5798",205
"5799",192
"5800",187
"5801",202
"5802",192
"5803",184
"5804",213
"5805",211
"5806",196
"5807",203
"5808",214
"5809",171
"5810",219
"5811",202
"5812",231
"5813",194
"5814",231
"5815",229
"5816",217
"5817",216
"5818",214
"5819",176
"5820",193
"5821",174
"5822",204
"5823",184
"5824",218
"5825",210
"5826",197
"5827",190
"5828",203
"5829",182
"5830",210
"5831",194
"5832",186
"5833",202
"5834",185
"5835",192
"5836",203
"5837",202
"5838",211
"5839",179
"5840",227
"5841",213
"5842",208
"5843",217
"5844",193
"5845",173
"5846",204
"5847",193
"5848",195
"5849",198
"5850",219
"5851",211
"5852",190
"5853",185
"5854",193
"5855",219
"5856",209
"5857",221
"5858",199
"5859",190
"5860",190
"5861",224
"5862",213
"5863",198
"5864",181
"5865",181
"5866",183
"5867",204
"5868",194
"5869",220
"5870",189
"5871",225
"5872",217
"5873",211
"5874",181
"5875",190
"5876",208
"5877",192
"5878",185
"5879",224
"5880",182
"5881",212
"5882",188
"5883",177
"5884",199
"5885",189
"5886",192
"5887",211
"5888",199
"5889",194
"5890",190
"5891",200
"5892",207
"5893",194
"5894",228
"5895",207
"5896",198
"5897",214
"5898",187
"5899",183
"5900",212
"5901",214
"5902",201
"5903",203
"5904",188
"5905",210
"5906",182
"5907",191
"5908",206
"5909",227
"5910",208
"5911",206
"5912",195
"5913",203
"5914",207
"5915",216
"5916",220
"5917",214
"5918",194
"5919",209
"5920",212
"5921",193
"5922",215
"5923",198
"5924",239
"5925",225
"5926",184
"5927",210
"5928",199
"5929",217
"5930",201
"5931",198
"5932",205
"5933",228
"5934",208
"5935",229
"5936",170
"5937",229
"5938",205
"5939",197
"5940",210
"5941",218
"5942",212
"5943",198
"5944",189
"5945",187
"5946",189
"5947",210
"5948",201
"5949",205
"5950",189
"5951",188
"5952",204
"5953",210
"5954",205
"5955",185
"5956",214
"5957",177
"5958",206
"5959",192
"5960",222
"5961",194
"5962",203
"5963",191
"5964",210
"5965",192
"5966",207
"5967",190
"5968",216
"5969",186
"5970",200
"5971",202
"5972",229
"5973",200
"5974",202
"5975",195
"5976",204
"5977",191
"5978",193
"5979",208
"5980",192
"5981",210
"5982",189
"5983",197
"5984",215
"5985",196
"5986",184
"5987",210
"5988",204
"5989",212
"5990",209
"5991",212
"5992",206
"5993",212
"5994",212
"5995",198
"5996",216
"5997",224
"5998",188
"5999",211
"6000",210
"6001",187
"6002",213
"6003",191
"6004",203
"6005",214
"6006",217
"6007",199
"6008",206
"6009",196
"6010",219
"6011",214
"6012",211
"6013",180
"6014",183
"6015",199
"6016",207
"6017",228
"6018",190
"6019",191
"6020",176
"6021",195
"6022",202
"6023",196
"6024",196
"6025",225
"6026",182
"6027",216
"6028",176
"6029",206
"6030",198
"6031",196
"6032",215
"6033",198
"6034",189
"6035",175
"6036",202
"6037",215
"6038",177
"6039",206
"6040",206
"6041",204
"6042",201
"6043",193
"6044",188
"6045",200
"6046",195
"6047",191
"6048",217
"6049",193
"6050",194
"6051",177
"6052",197
"6053",200
"6054",188
"6055",188
"6056",203
"6057",202
"6058",220
"6059",189
"6060",184
"6061",174
"6062",213
"6063",204
"6064",190
"6065",204
"6066",202
"6067",198
"6068",202
"6069",179
"6070",202
"6071",199
"6072",201
"6073",197
"6074",196
"6075",200
"6076",194
"6077",224
"6078",211
"6079",200
"6080",200
"6081",206
"6082",192
"6083",194
"6084",180
"6085",205
"6086",195
"6087",187
"6088",247
"6089",180
"6090",211
"6091",190
"6092",201
"6093",207
"6094",212
"6095",206
"6096",201
"6097",200
"6098",190
"6099",198
"6100",186
"6101",171
"6102",175
"6103",202
"6104",199
"6105",190
"6106",197
"6107",221
"6108",200
"6109",197
"6110",196
"6111",197
"6112",195
"6113",221
"6114",196
"6115",185
"6116",199
"6117",203
"6118",197
"6119",206
"6120",201
"6121",199
"6122",204
"6123",191
"6124",211
"6125",196
"6126",221
"6127",186
"6128",194
"6129",197
"6130",185
"6131",210
"6132",205
"6133",205
"6134",210
"6135",206
"6136",211
"6137",214
"6138",220
"6139",189
"6140",183
"6141",209
"6142",200
"6143",202
"6144",195
"6145",197
"6146",219
"6147",199
"6148",185
"6149",199
"6150",173
"6151",199
"6152",185
"6153",188
"6154",173
"6155",209
"6156",208
"6157",199
"6158",207
"6159",186
"6160",197
"6161",196
"6162",204
"6163",206
"6164",192
"6165",169
"6166",187
"6167",199
"6168",185
"6169",214
"6170",191
"6171",206
"6172",176
"6173",223
"6174",175
"6175",206
"6176",204
"6177",186
"6178",178
"6179",192
"6180",193
"6181",216
"6182",204
"6183",214
"6184",214
"6185",217
"6186",196
"6187",206
"6188",196
"6189",179
"6190",212
"6191",193
"6192",200
"6193",217
"6194",227
"6195",199
"6196",198
"6197",200
"6198",204
"6199",215
"6200",192
"6201",182
"6202",200
"6203",185
"6204",176
"6205",204
"6206",189
"6207",220
"6208",208
"6209",195
"6210",188
"6211",183
"6212",180
"6213",211
"6214",219
"6215",205
"6216",208
"6217",185
"6218",193
"6219",201
"6220",180
"6221",203
"6222",221
"6223",202
"6224",175
"6225",195
"6226",191
"6227",204
"6228",204
"6229",222
"6230",194
"6231",223
"6232",170
"6233",181
"6234",204
"6235",189
"6236",197
"6237",214
"6238",202
"6239",214
"6240",204
"6241",187
"6242",194
"6243",198
"6244",213
"6245",192
"6246",210
"6247",184
"6248",216
"6249",197
"6250",175
"6251",183
"6252",210
"6253",177
"6254",204
"6255",195
"6256",208
"6257",191
"6258",208
"6259",184
"6260",192
"6261",196
"6262",185
"6263",191
"6264",209
"6265",215
"6266",202
"6267",194
"6268",209
"6269",203
"6270",189
"6271",230
"6272",204
"6273",193
"6274",184
"6275",196
"6276",230
"6277",199
"6278",193
"6279",201
"6280",209
"6281",205
"6282",220
"6283",223
"6284",196
"6285",202
"6286",191
"6287",216
"6288",193
"6289",182
"6290",189
"6291",199
"6292",210
"6293",198
"6294",217
"6295",205
"6296",203
"6297",197
"6298",185
"6299",184
"6300",176
"6301",188
"6302",197
"6303",194
"6304",176
"6305",176
"6306",207
"6307",214
"6308",189
"6309",205
"6310",207
"6311",224
"6312",188
"6313",218
"6314",201
"6315",193
"6316",200
"6317",201
"6318",202
"6319",218
"6320",217
"6321",157
"6322",203
"6323",197
"6324",201
"6325",227
"6326",197
"6327",238
"6328",204
"6329",206
"6330",198
"6331",195
"6332",214
"6333",210
"6334",203
"6335",175
"6336",202
"6337",216
"6338",199
"6339",207
"6340",211
"6341",211
"6342",190
"6343",218
"6344",180
"6345",191
"6346",187
"6347",215
"6348",228
"6349",192
"6350",193
"6351",184
"6352",213
"6353",190
"6354",199
"6355",202
"6356",206
"6357",193
"6358",215
"6359",192
"6360",218
"6361",196
"6362",201
"6363",213
"6364",219
"6365",215
"6366",188
"6367",184
"6368",194
"6369",204
"6370",208
"6371",231
"6372",211
"6373",225
"6374",222
"6375",205
"6376",191
"6377",186
"6378",168
"6379",214
"6380",187
"6381",192
"6382",213
"6383",222
"6384",212
"6385",197
"6386",203
"6387",208
"6388",204
"6389",190
"6390",200
"6391",197
"6392",195
"6393",187
"6394",212
"6395",208
"6396",208
"6397",222
"6398",169
"6399",199
"6400",191
"6401",201
"6402",191
"6403",209
"6404",207
"6405",208
"6406",211
"6407",194
"6408",236
"6409",203
"6410",211
"6411",197
"6412",193
"6413",188
"6414",197
"6415",197
"6416",200
"6417",208
"6418",188
"6419",220
"6420",211
"6421",195
"6422",191
"6423",194
"6424",190
"6425",199
"6426",189
"6427",207
"6428",177
"6429",206
"6430",195
"6431",201
"6432",208
"6433",225
"6434",210
"6435",205
"6436",190
"6437",215
"6438",199
"6439",176
"6440",190
"6441",199
"6442",198
"6443",212
"6444",195
"6445",203
"6446",175
"6447",184
"6448",189
"6449",195
"6450",193
"6451",203
"6452",192
"6453",181
"6454",190
"6455",207
"6456",214
"6457",200
"6458",204
"6459",206
"6460",208
"6461",195
"6462",235
"6463",214
"6464",188
"6465",235
"6466",197
"6467",192
"6468",190
"6469",194
"6470",190
"6471",217
"6472",162
"6473",190
"6474",186
"6475",207
"6476",190
"6477",204
"6478",210
"6479",168
"6480",201
"6481",174
"6482",225
"6483",184
"6484",215
"6485",210
"6486",183
"6487",192
"6488",235
"6489",190
"6490",192
"6491",198
"6492",182
"6493",198
"6494",202
"6495",190
"6496",227
"6497",218
"6498",201
"6499",180
"6500",187
"6501",198
"6502",195
"6503",200
"6504",190
"6505",224
"6506",202
"6507",196
"6508",194
"6509",186
"6510",199
"6511",184
"6512",187
"6513",204
"6514",206
"6515",189
"6516",207
"6517",189
"6518",179
"6519",198
"6520",217
"6521",214
"6522",226
"6523",198
"6524",216
"6525",218
"6526",204
"6527",213
"6528",188
"6529",215
"6530",211
"6531",184
"6532",200
"6533",214
"6534",207
"6535",203
"6536",223
"6537",209
"6538",195
"6539",196
"6540",205
"6541",196
"6542",190
"6543",205
"6544",177
"6545",212
"6546",211
"6547",162
"6548",182
"6549",216
"6550",203
"6551",183
"6552",185
"6553",206
"6554",195
"6555",199
"6556",210
"6557",181
"6558",180
"6559",186
"6560",190
"6561",192
"6562",222
"6563",188
"6564",181
"6565",205
"6566",212
"6567",200
"6568",207
"6569",209
"6570",203
"6571",212
"6572",208
"6573",214
"6574",193
"6575",177
"6576",213
"6577",205
"6578",201
"6579",203
"6580",182
"6581",207
"6582",189
"6583",198
"6584",201
"6585",225
"6586",221
"6587",197
"6588",212
"6589",206
"6590",218
"6591",191
"6592",232
"6593",192
"6594",198
"6595",209
"6596",204
"6597",205
"6598",215
"6599",201
"6600",206
"6601",194
"6602",211
"6603",193
"6604",208
"6605",229
"6606",211
"6607",183
"6608",193
"6609",199
"6610",188
"6611",193
"6612",233
"6613",179
"6614",222
"6615",206
"6616",176
"6617",213
"6618",197
"6619",183
"6620",201
"6621",215
"6622",223
"6623",196
"6624",182
"6625",172
"6626",193
"6627",174
"6628",196
"6629",186
"6630",188
"6631",190
"6632",196
"6633",173
"6634",216
"6635",218
"6636",223
"6637",187
"6638",218
"6639",216
"6640",196
"6641",208
"6642",186
"6643",191
"6644",225
"6645",163
"6646",214
"6647",188
"6648",216
"6649",176
"6650",194
"6651",167
"6652",205
"6653",226
"6654",184
"6655",209
"6656",179
"6657",217
"6658",189
"6659",219
"6660",205
"6661",218
"6662",200
"6663",234
"6664",186
"6665",176
"6666",196
"6667",185
"6668",221
"6669",204
"6670",192
"6671",207
"6672",212
"6673",220
"6674",184
"6675",210
"6676",214
"6677",189
"6678",188
"6679",189
"6680",222
"6681",222
"6682",182
"6683",211
"6684",192
"6685",189
"6686",208
"6687",200
"6688",201
"6689",187
"6690",203
"6691",189
"6692",219
"6693",212
"6694",203
"6695",211
"6696",198
"6697",209
"6698",216
"6699",176
"6700",211
"6701",194
"6702",210
"6703",197
"6704",199
"6705",181
"6706",202
"6707",192
"6708",236
"6709",203
"6710",201
"6711",220
"6712",202
"6713",181
"6714",191
"6715",202
"6716",208
"6717",228
"6718",198
"6719",177
"6720",244
"6721",190
"6722",201
"6723",195
"6724",199
"6725",205
"6726",218
"6727",195
"6728",200
"6729",216
"6730",209
"6731",204
"6732",213
"6733",198
"6734",190
"6735",193
"6736",198
"6737",189
"6738",194
"6739",180
"6740",195
"6741",197
"6742",194
"6743",209
"6744",191
"6745",220
"6746",226
"6747",205
"6748",192
"6749",212
"6750",229
"6751",196
"6752",209
"6753",180
"6754",221
"6755",188
"6756",201
"6757",190
"6758",177
"6759",198
"6760",218
"6761",190
"6762",212
"6763",221
"6764",207
"6765",178
"6766",194
"6767",193
"6768",200
"6769",220
"6770",216
"6771",222
"6772",199
"6773",202
"6774",199
"6775",190
"6776",189
"6777",188
"6778",200
"6779",177
"6780",201
"6781",189
"6782",208
"6783",179
"6784",215
"6785",185
"6786",208
"6787",209
"6788",169
"6789",165
"6790",211
"6791",216
"6792",228
"6793",234
"6794",185
"6795",206
"6796",169
"6797",205
"6798",186
"6799",202
"6800",216
"6801",209
"6802",209
"6803",209
"6804",178
"6805",226
"6806",205
"6807",186
"6808",193
"6809",202
"6810",210
"6811",198
"6812",211
"6813",187
"6814",212
"6815",199
"6816",178
"6817",213
"6818",155
"6819",190
"6820",194
"6821",194
"6822",192
"6823",212
"6824",211
"6825",197
"6826",211
"6827",188
"6828",193
"6829",169
"6830",197
"6831",221
"6832",181
"6833",191
"6834",214
"6835",170
"6836",211
"6837",205
"6838",207
"6839",201
"6840",212
"6841",203
"6842",192
"6843",211
"6844",201
"6845",189
"6846",207
"6847",204
"6848",184
"6849",188
"6850",205
"6851",208
"6852",184
"6853",191
"6854",200
"6855",193
"6856",209
"6857",204
"6858",206
"6859",173
"6860",181
"6861",208
"6862",214
"6863",209
"6864",226
"6865",218
"6866",203
"6867",205
"6868",174
"6869",208
"6870",221
"6871",211
"6872",199
"6873",190
"6874",213
"6875",222
"6876",199
"6877",196
"6878",203
"6879",203
"6880",194
"6881",198
"6882",208
"6883",203
"6884",200
"6885",204
"6886",214
"6887",175
"6888",188
"6889",198
"6890",205
"6891",233
"6892",201
"6893",193
"6894",217
"6895",208
"6896",195
"6897",194
"6898",211
"6899",202
"6900",207
"6901",179
"6902",198
"6903",204
"6904",225
"6905",182
"6906",184
"6907",199
"6908",195
"6909",194
"6910",199
"6911",186
"6912",200
"6913",203
"6914",218
"6915",191
"6916",202
"6917",183
"6918",194
"6919",207
"6920",193
"6921",209
"6922",177
"6923",228
"6924",229
"6925",176
"6926",192
"6927",203
"6928",183
"6929",197
"6930",205
"6931",176
"6932",200
"6933",235
"6934",219
"6935",178
"6936",172
"6937",196
"6938",188
"6939",189
"6940",192
"6941",198
"6942",202
"6943",189
"6944",177
"6945",210
"6946",212
"6947",192
"6948",224
"6949",203
"6950",198
"6951",201
"6952",195
"6953",180
"6954",202
"6955",206
"6956",219
"6957",212
"6958",185
"6959",199
"6960",196
"6961",185
"6962",214
"6963",200
"6964",208
"6965",184
"6966",197
"6967",192
"6968",179
"6969",230
"6970",187
"6971",180
"6972",205
"6973",187
"6974",190
"6975",212
"6976",178
"6977",188
"6978",202
"6979",203
"6980",179
"6981",193
"6982",186
"6983",223
"6984",224
"6985",225
"6986",211
"6987",187
"6988",201
"6989",206
"6990",192
"6991",205
"6992",204
"6993",198
"6994",210
"6995",196
"6996",206
"6997",200
"6998",186
"6999",194
"7000",201
"7001",191
"7002",198
"7003",201
"7004",203
"7005",179
"7006",197
"7007",183
"7008",210
"7009",203
"7010",192
"7011",177
"7012",180
"7013",236
"7014",183
"7015",213
"7016",210
"7017",206
"7018",215
"7019",199
"7020",210
"7021",213
"7022",204
"7023",218
"7024",238
"7025",189
"7026",204
"7027",206
"7028",193
"7029",184
"7030",221
"7031",196
"7032",202
"7033",202
"7034",203
"7035",198
"7036",209
"7037",197
"7038",206
"7039",188
"7040",179
"7041",216
"7042",202
"7043",187
"7044",194
"7045",204
"7046",200
"7047",197
"7048",193
"7049",204
"7050",197
"7051",213
"7052",212
"7053",205
"7054",212
"7055",192
"7056",185
"7057",191
"7058",209
"7059",182
"7060",178
"7061",213
"7062",185
"7063",201
"7064",183
"7065",194
"7066",217
"7067",225
"7068",217
"7069",187
"7070",184
"7071",184
"7072",208
"7073",211
"7074",225
"7075",191
"7076",207
"7077",195
"7078",193
"7079",185
"7080",182
"7081",215
"7082",214
"7083",186
"7084",221
"7085",195
"7086",193
"7087",204
"7088",205
"7089",192
"7090",227
"7091",186
"7092",220
"7093",193
"7094",186
"7095",207
"7096",188
"7097",227
"7098",195
"7099",204
"7100",186
"7101",183
"7102",195
"7103",221
"7104",206
"7105",201
"7106",191
"7107",200
"7108",191
"7109",191
"7110",200
"7111",198
"7112",190
"7113",202
"7114",215
"7115",198
"7116",219
"7117",198
"7118",225
"7119",203
"7120",189
"7121",203
"7122",180
"7123",178
"7124",204
"7125",207
"7126",215
"7127",181
"7128",188
"7129",174
"7130",199
"7131",212
"7132",203
"7133",199
"7134",236
"7135",219
"7136",225
"7137",210
"7138",196
"7139",228
"7140",243
"7141",217
"7142",192
"7143",180
"7144",192
"7145",199
"7146",211
"7147",182
"7148",218
"7149",200
"7150",195
"7151",236
"7152",202
"7153",212
"7154",208
"7155",204
"7156",184
"7157",208
"7158",210
"7159",224
"7160",221
"7161",211
"7162",186
"7163",205
"7164",217
"7165",189
"7166",187
"7167",194
"7168",188
"7169",211
"7170",198
"7171",215
"7172",189
"7173",191
"7174",207
"7175",218
"7176",210
"7177",210
"7178",218
"7179",204
"7180",182
"7181",181
"7182",217
"7183",194
"7184",218
"7185",191
"7186",219
"7187",198
"7188",201
"7189",203
"7190",203
"7191",174
"7192",200
"7193",192
"7194",191
"7195",189
"7196",217
"7197",206
"7198",182
"7199",182
"7200",223
"7201",175
"7202",201
"7203",186
"7204",200
"7205",193
"7206",209
"7207",199
"7208",195
"7209",192
"7210",210
"7211",181
"7212",195
"7213",185
"7214",226
"7215",199
"7216",217
"7217",191
"7218",204
"7219",196
"7220",196
"7221",198
"7222",220
"7223",215
"7224",206
"7225",176
"7226",199
"7227",232
"7228",221
"7229",176
"7230",218
"7231",203
"7232",189
"7233",195
"7234",201
"7235",177
"7236",197
"7237",204
"7238",189
"7239",190
"7240",205
"7241",198
"7242",207
"7243",198
"7244",182
"7245",201
"7246",187
"7247",198
"7248",205
"7249",192
"7250",176
"7251",213
"7252",182
"7253",204
"7254",195
"7255",211
"7256",209
"7257",189
"7258",198
"7259",216
"7260",229
"7261",207
"7262",198
"7263",190
"7264",193
"7265",208
"7266",224
"7267",213
"7268",212
"7269",206
"7270",187
"7271",205
"7272",206
"7273",214
"7274",166
"7275",201
"7276",190
"7277",205
"7278",178
"7279",195
"7280",163
"7281",209
"7282",210
"7283",191
"7284",188
"7285",188
"7286",197
"7287",175
"7288",198
"7289",193
"7290",177
"7291",201
"7292",201
"7293",210
"7294",206
"7295",205
"7296",192
"7297",188
"7298",199
"7299",202
"7300",235
"7301",219
"7302",207
"7303",204
"7304",192
"7305",205
"7306",208
"7307",198
"7308",220
"7309",221
"7310",200
"7311",189
"7312",183
"7313",234
"7314",206
"7315",177
"7316",209
"7317",204
"7318",178
"7319",199
"7320",205
"7321",184
"7322",206
"7323",180
"7324",174
"7325",202
"7326",193
"7327",196
"7328",188
"7329",218
"7330",181
"7331",191
"7332",197
"7333",225
"7334",211
"7335",220
"7336",211
"7337",201
"7338",232
"7339",177
"7340",190
"7341",193
"7342",203
"7343",230
"7344",200
"7345",193
"7346",212
"7347",204
"7348",196
"7349",195
"7350",234
"7351",187
"7352",193
"7353",188
"7354",180
"7355",199
"7356",222
"7357",204
"7358",195
"7359",199
"7360",208
"7361",200
"7362",197
"7363",207
"7364",205
"7365",210
"7366",219
"7367",180
"7368",166
"7369",206
"7370",172
"7371",198
"7372",200
"7373",178
"7374",223
"7375",202
"7376",199
"7377",211
"7378",191
"7379",177
"7380",222
"7381",196
"7382",188
"7383",202
"7384",204
"7385",187
"7386",219
"7387",222
"7388",205
"7389",195
"7390",200
"7391",189
"7392",203
"7393",174
"7394",189
"7395",190
"7396",193
"7397",183
"7398",202
"7399",168
"7400",195
"7401",190
"7402",178
"7403",184
"7404",213
"7405",197
"7406",203
"7407",178
"7408",209
"7409",224
"7410",205
"7411",193
"7412",215
"7413",187
"7414",223
"7415",208
"7416",190
"7417",219
"7418",198
"7419",188
"7420",191
"7421",191
"7422",210
"7423",211
"7424",219
"7425",180
"7426",185
"7427",216
"7428",193
"7429",199
"7430",230
"7431",200
"7432",189
"7433",190
"7434",208
"7435",195
"7436",175
"7437",186
"7438",228
"7439",228
"7440",187
"7441",220
"7442",198
"7443",188
"7444",222
"7445",186
"7446",200
"7447",179
"7448",217
"7449",207
"7450",222
"7451",203
"7452",201
"7453",192
"7454",204
"7455",210
"7456",178
"7457",206
"7458",185
"7459",195
"7460",188
"7461",208
"7462",207
"7463",194
"7464",219
"7465",178
"7466",201
"7467",196
"7468",224
"7469",179
"7470",209
"7471",170
"7472",189
"7473",217
"7474",218
"7475",205
"7476",173
"7477",195
"7478",221
"7479",187
"7480",201
"7481",207
"7482",195
"7483",212
"7484",211
"7485",202
"7486",189
"7487",209
"7488",184
"7489",203
"7490",198
"7491",206
"7492",180
"7493",188
"7494",204
"7495",200
"7496",209
"7497",227
"7498",204
"7499",194
"7500",217
"7501",196
"7502",214
"7503",190
"7504",184
"7505",188
"7506",195
"7507",200
"7508",197
"7509",160
"7510",209
"7511",203
"7512",188
"7513",202
"7514",216
"7515",191
"7516",184
"7517",198
"7518",191
"7519",190
"7520",190
"7521",199
"7522",187
"7523",192
"7524",197
"7525",167
"7526",201
"7527",171
"7528",202
"7529",223
"7530",224
"7531",192
"7532",191
"7533",196
"7534",196
"7535",182
"7536",213
"7537",201
"7538",187
"7539",200
"7540",224
"7541",184
"7542",191
"7543",194
"7544",203
"7545",197
"7546",217
"7547",208
"7548",174
"7549",210
"7550",203
"7551",195
"7552",219
"7553",187
"7554",195
"7555",190
"7556",205
"7557",219
"7558",223
"7559",177
"7560",210
"7561",221
"7562",199
"7563",204
"7564",176
"7565",167
"7566",210
"7567",190
"7568",214
"7569",184
"7570",192
"7571",181
"7572",176
"7573",212
"7574",192
"7575",194
"7576",202
"7577",194
"7578",215
"7579",210
"7580",185
"7581",218
"7582",200
"7583",209
"7584",192
"7585",196
"7586",200
"7587",199
"7588",191
"7589",210
"7590",206
"7591",183
"7592",195
"7593",210
"7594",188
"7595",216
"7596",178
"7597",180
"7598",198
"7599",190
"7600",173
"7601",200
"7602",193
"7603",178
"7604",202
"7605",210
"7606",214
"7607",197
"7608",190
"7609",203
"7610",201
"7611",204
"7612",195
"7613",194
"7614",200
"7615",212
"7616",171
"7617",203
"7618",178
"7619",203
"7620",181
"7621",190
"7622",215
"7623",181
"7624",213
"7625",191
"7626",206
"7627",184
"7628",179
"7629",170
"7630",207
"7631",202
"7632",179
"7633",209
"7634",183
"7635",206
"7636",204
"7637",215
"7638",188
"7639",220
"7640",176
"7641",203
"7642",191
"7643",159
"7644",204
"7645",187
"7646",186
"7647",201
"7648",202
"7649",205
"7650",214
"7651",191
"7652",195
"7653",194
"7654",224
"7655",178
"7656",204
"7657",201
"7658",202
"7659",193
"7660",202
"7661",190
"7662",209
"7663",219
"7664",202
"7665",204
"7666",203
"7667",191
"7668",186
"7669",191
"7670",200
"7671",191
"7672",187
"7673",181
"7674",188
"7675",210
"7676",195
"7677",216
"7678",190
"7679",213
"7680",208
"7681",205
"7682",205
"7683",174
"7684",196
"7685",190
"7686",170
"7687",187
"7688",199
"7689",208
"7690",184
"7691",208
"7692",186
"7693",191
"7694",206
"7695",198
"7696",215
"7697",207
"7698",213
"7699",204
"7700",213
"7701",215
"7702",177
"7703",204
"7704",186
"7705",195
"7706",193
"7707",199
"7708",185
"7709",223
"7710",221
"7711",204
"7712",218
"7713",214
"7714",213
"7715",169
"7716",191
"7717",193
"7718",192
"7719",198
"7720",203
"7721",197
"7722",186
"7723",195
"7724",183
"7725",217
"7726",191
"7727",205
"7728",186
"7729",175
"7730",195
"7731",206
"7732",199
"7733",207
"7734",170
"7735",214
"7736",217
"7737",214
"7738",206
"7739",215
"7740",222
"7741",188
"7742",215
"7743",222
"7744",205
"7745",204
"7746",198
"7747",177
"7748",202
"7749",210
"7750",191
"7751",192
"7752",199
"7753",202
"7754",200
"7755",199
"7756",186
"7757",200
"7758",194
"7759",181
"7760",192
"7761",205
"7762",194
"7763",178
"7764",184
"7765",199
"7766",218
"7767",182
"7768",192
"7769",216
"7770",202
"7771",211
"7772",192
"7773",203
"7774",195
"7775",186
"7776",200
"7777",205
"7778",187
"7779",177
"7780",202
"7781",203
"7782",207
"7783",210
"7784",197
"7785",181
"7786",193
"7787",222
"7788",187
"7789",182
"7790",187
"7791",175
"7792",231
"7793",201
"7794",219
"7795",222
"7796",244
"7797",212
"7798",205
"7799",222
"7800",192
"7801",228
"7802",229
"7803",191
"7804",204
"7805",209
"7806",211
"7807",212
"7808",205
"7809",191
"7810",192
"7811",179
"7812",187
"7813",215
"7814",182
"7815",213
"7816",208
"7817",187
"7818",206
"7819",191
"7820",193
"7821",210
"7822",212
"7823",184
"7824",216
"7825",221
"7826",210
"7827",197
"7828",210
"7829",202
"7830",212
"7831",212
"7832",205
"7833",188
"7834",168
"7835",193
"7836",215
"7837",195
"7838",214
"7839",207
"7840",228
"7841",211
"7842",220
"7843",196
"7844",187
"7845",201
"7846",179
"7847",230
"7848",183
"7849",198
"7850",206
"7851",179
"7852",198
"7853",202
"7854",216
"7855",217
"7856",211
"7857",216
"7858",198
"7859",210
"7860",223
"7861",170
"7862",195
"7863",197
"7864",186
"7865",188
"7866",195
"7867",176
"7868",195
"7869",204
"7870",198
"7871",192
"7872",210
"7873",201
"7874",178
"7875",213
"7876",189
"7877",216
"7878",196
"7879",215
"7880",195
"7881",179
"7882",192
"7883",197
"7884",203
"7885",213
"7886",197
"7887",208
"7888",199
"7889",196
"7890",188
"7891",192
"7892",225
"7893",172
"7894",200
"7895",197
"7896",201
"7897",194
"7898",190
"7899",215
"7900",191
"7901",192
"7902",218
"7903",193
"7904",190
"7905",215
"7906",227
"7907",174
"7908",203
"7909",212
"7910",201
"7911",215
"7912",213
"7913",203
"7914",212
"7915",196
"7916",201
"7917",205
"7918",210
"7919",222
"7920",186
"7921",209
"7922",233
"7923",203
"7924",199
"7925",233
"7926",226
"7927",229
"7928",201
"7929",194
"7930",199
"7931",221
"7932",235
"7933",208
"7934",212
"7935",211
"7936",184
"7937",180
"7938",215
"7939",204
"7940",220
"7941",216
"7942",174
"7943",195
"7944",230
"7945",207
"7946",201
"7947",199
"7948",193
"7949",209
"7950",193
"7951",209
"7952",185
"7953",229
"7954",197
"7955",207
"7956",231
"7957",187
"7958",163
"7959",209
"7960",218
"7961",198
"7962",215
"7963",191
"7964",213
"7965",217
"7966",193
"7967",201
"7968",193
"7969",214
"7970",190
"7971",197
"7972",185
"7973",200
"7974",216
"7975",204
"7976",189
"7977",210
"7978",188
"7979",188
"7980",183
"7981",222
"7982",194
"7983",193
"7984",193
"7985",195
"7986",178
"7987",212
"7988",194
"7989",187
"7990",213
"7991",204
"7992",203
"7993",203
"7994",217
"7995",176
"7996",191
"7997",214
"7998",225
"7999",184
"8000",207
"8001",218
"8002",187
"8003",189
"8004",211
"8005",197
"8006",218
"8007",212
"8008",200
"8009",238
"8010",212
"8011",202
"8012",192
"8013",197
"8014",220
"8015",184
"8016",212
"8017",203
"8018",210
"8019",190
"8020",183
"8021",201
"8022",179
"8023",191
"8024",235
"8025",214
"8026",192
"8027",206
"8028",194
"8029",180
"8030",180
"8031",201
"8032",191
"8033",188
"8034",212
"8035",220
"8036",210
"8037",215
"8038",218
"8039",198
"8040",200
"8041",188
"8042",216
"8043",200
"8044",171
"8045",188
"8046",211
"8047",214
"8048",200
"8049",185
"8050",197
"8051",202
"8052",209
"8053",198
"8054",182
"8055",199
"8056",183
"8057",203
"8058",196
"8059",206
"8060",211
"8061",190
"8062",203
"8063",204
"8064",189
"8065",197
"8066",245
"8067",180
"8068",193
"8069",211
"8070",186
"8071",189
"8072",190
"8073",197
"8074",208
"8075",175
"8076",231
"8077",221
"8078",199
"8079",194
"8080",228
"8081",211
"8082",205
"8083",218
"8084",187
"8085",199
"8086",200
"8087",199
"8088",194
"8089",207
"8090",197
"8091",175
"8092",180
"8093",202
"8094",184
"8095",186
"8096",183
"8097",191
"8098",200
"8099",196
"8100",215
"8101",211
"8102",192
"8103",193
"8104",189
"8105",232
"8106",215
"8107",197
"8108",208
"8109",229
"8110",174
"8111",174
"8112",226
"8113",181
"8114",209
"8115",223
"8116",200
"8117",207
"8118",167
"8119",201
"8120",215
"8121",185
"8122",184
"8123",199
"8124",199
"8125",194
"8126",193
"8127",194
"8128",183
"8129",191
"8130",193
"8131",215
"8132",203
"8133",214
"8134",203
"8135",172
"8136",178
"8137",197
"8138",181
"8139",192
"8140",187
"8141",204
"8142",173
"8143",204
"8144",213
"8145",197
"8146",195
"8147",179
"8148",214
"8149",200
"8150",213
"8151",223
"8152",210
"8153",210
"8154",187
"8155",214
"8156",214
"8157",233
"8158",208
"8159",195
"8160",202
"8161",193
"8162",198
"8163",197
"8164",191
"8165",175
"8166",195
"8167",196
"8168",210
"8169",200
"8170",186
"8171",191
"8172",220
"8173",181
"8174",201
"8175",168
"8176",201
"8177",214
"8178",171
"8179",199
"8180",202
"8181",198
"8182",199
"8183",203
"8184",183
"8185",228
"8186",196
"8187",197
"8188",217
"8189",194
"8190",218
"8191",186
"8192",184
"8193",209
"8194",192
"8195",230
"8196",188
"8197",210
"8198",215
"8199",185
"8200",178
"8201",199
"8202",215
"8203",201
"8204",198
"8205",199
"8206",181
"8207",195
"8208",208
"8209",188
"8210",201
"8211",201
"8212",189
"8213",211
"8214",212
"8215",199
"8216",202
"8217",212
"8218",189
"8219",227
"8220",203
"8221",181
"8222",163
"8223",196
"8224",198
"8225",203
"8226",210
"8227",190
"8228",187
"8229",190
"8230",173
"8231",193
"8232",216
"8233",203
"8234",194
"8235",181
"8236",207
"8237",195
"8238",195
"8239",204
"8240",220
"8241",213
"8242",199
"8243",199
"8244",200
"8245",198
"8246",193
"8247",215
"8248",207
"8249",202
"8250",208
"8251",211
"8252",198
"8253",190
"8254",199
"8255",185
"8256",203
"8257",234
"8258",193
"8259",225
"8260",196
"8261",171
"8262",200
"8263",213
"8264",178
"8265",206
"8266",204
"8267",207
"8268",205
"8269",219
"8270",212
"8271",213
"8272",209
"8273",193
"8274",188
"8275",232
"8276",223
"8277",207
"8278",176
"8279",190
"8280",201
"8281",203
"8282",182
"8283",190
"8284",204
"8285",197
"8286",193
"8287",216
"8288",228
"8289",214
"8290",201
"8291",195
"8292",183
"8293",220
"8294",197
"8295",220
"8296",201
"8297",191
"8298",191
"8299",197
"8300",191
"8301",168
"8302",216
"8303",188
"8304",179
"8305",212
"8306",188
"8307",184
"8308",230
"8309",214
"8310",214
"8311",211
"8312",188
"8313",181
"8314",181
"8315",197
"8316",181
"8317",191
"8318",209
"8319",201
"8320",193
"8321",190
"8322",198
"8323",203
"8324",192
"8325",210
"8326",195
"8327",216
"8328",191
"8329",191
"8330",196
"8331",158
"8332",207
"8333",185
"8334",188
"8335",197
"8336",200
"8337",221
"8338",207
"8339",185
"8340",203
"8341",203
"8342",208
"8343",214
"8344",199
"8345",209
"8346",207
"8347",192
"8348",215
"8349",193
"8350",213
"8351",181
"8352",194
"8353",179
"8354",215
"8355",195
"8356",189
"8357",224
"8358",216
"8359",183
"8360",192
"8361",178
"8362",210
"8363",191
"8364",187
"8365",211
"8366",204
"8367",213
"8368",194
"8369",216
"8370",173
"8371",185
"8372",216
"8373",212
"8374",209
"8375",195
"8376",195
"8377",207
"8378",174
"8379",183
"8380",196
"8381",212
"8382",199
"8383",178
"8384",206
"8385",186
"8386",189
"8387",207
"8388",197
"8389",189
"8390",196
"8391",213
"8392",186
"8393",202
"8394",231
"8395",195
"8396",191
"8397",228
"8398",211
"8399",212
"8400",216
"8401",252
"8402",187
"8403",186
"8404",217
"8405",185
"8406",188
"8407",194
"8408",175
"8409",204
"8410",216
"8411",216
"8412",170
"8413",187
"8414",204
"8415",217
"8416",168
"8417",204
"8418",172
"8419",192
"8420",177
"8421",197
"8422",190
"8423",201
"8424",198
"8425",224
"8426",192
"8427",216
"8428",184
"8429",188
"8430",201
"8431",223
"8432",201
"8433",215
"8434",189
"8435",221
"8436",207
"8437",204
"8438",196
"8439",188
"8440",172
"8441",192
"8442",208
"8443",187
"8444",205
"8445",208
"8446",209
"8447",205
"8448",199
"8449",184
"8450",207
"8451",199
"8452",203
"8453",185
"8454",194
"8455",201
"8456",204
"8457",217
"8458",188
"8459",185
"8460",202
"8461",198
"8462",179
"8463",206
"8464",230
"8465",217
"8466",187
"8467",214
"8468",208
"8469",237
"8470",207
"8471",227
"8472",191
"8473",178
"8474",180
"8475",205
"8476",237
"8477",217
"8478",195
"8479",226
"8480",197
"8481",210
"8482",179
"8483",204
"8484",210
"8485",189
"8486",218
"8487",211
"8488",193
"8489",244
"8490",186
"8491",193
"8492",220
"8493",186
"8494",218
"8495",199
"8496",212
"8497",209
"8498",213
"8499",189
"8500",187
"8501",196
"8502",189
"8503",221
"8504",206
"8505",185
"8506",190
"8507",216
"8508",208
"8509",196
"8510",184
"8511",207
"8512",207
"8513",206
"8514",184
"8515",208
"8516",253
"8517",191
"8518",177
"8519",161
"8520",203
"8521",196
"8522",194
"8523",184
"8524",223
"8525",191
"8526",212
"8527",200
"8528",194
"8529",192
"8530",213
"8531",192
"8532",196
"8533",244
"8534",185
"8535",200
"8536",198
"8537",206
"8538",178
"8539",225
"8540",191
"8541",163
"8542",197
"8543",194
"8544",224
"8545",180
"8546",222
"8547",196
"8548",191
"8549",182
"8550",187
"8551",197
"8552",200
"8553",214
"8554",239
"8555",189
"8556",197
"8557",193
"8558",195
"8559",206
"8560",232
"8561",206
"8562",181
"8563",220
"8564",205
"8565",181
"8566",176
"8567",201
"8568",217
"8569",178
"8570",188
"8571",175
"8572",169
"8573",191
"8574",202
"8575",198
"8576",212
"8577",212
"8578",217
"8579",178
"8580",192
"8581",217
"8582",201
"8583",212
"8584",194
"8585",219
"8586",194
"8587",196
"8588",237
"8589",214
"8590",194
"8591",217
"8592",211
"8593",192
"8594",166
"8595",195
"8596",183
"8597",221
"8598",186
"8599",191
"8600",189
"8601",190
"8602",222
"8603",216
"8604",158
"8605",205
"8606",185
"8607",197
"8608",202
"8609",187
"8610",185
"8611",224
"8612",194
"8613",184
"8614",214
"8615",203
"8616",190
"8617",181
"8618",182
"8619",197
"8620",189
"8621",192
"8622",202
"8623",213
"8624",204
"8625",198
"8626",195
"8627",216
"8628",189
"8629",181
"8630",191
"8631",168
"8632",207
"8633",209
"8634",217
"8635",193
"8636",189
"8637",183
"8638",213
"8639",202
"8640",224
"8641",210
"8642",195
"8643",174
"8644",170
"8645",193
"8646",206
"8647",191
"8648",196
"8649",208
"8650",192
"8651",192
"8652",200
"8653",213
"8654",214
"8655",204
"8656",180
"8657",185
"8658",191
"8659",191
"8660",206
"8661",207
"8662",191
"8663",181
"8664",208
"8665",200
"8666",200
"8667",217
"8668",162
"8669",220
"8670",201
"8671",194
"8672",207
"8673",200
"8674",214
"8675",216
"8676",215
"8677",192
"8678",195
"8679",197
"8680",189
"8681",210
"8682",203
"8683",189
"8684",201
"8685",186
"8686",209
"8687",190
"8688",214
"8689",195
"8690",177
"8691",202
"8692",192
"8693",207
"8694",202
"8695",206
"8696",185
"8697",206
"8698",212
"8699",186
"8700",200
"8701",182
"8702",186
"8703",211
"8704",225
"8705",171
"8706",217
"8707",203
"8708",208
"8709",183
"8710",211
"8711",222
"8712",204
"8713",223
"8714",220
"8715",182
"8716",207
"8717",188
"8718",168
"8719",195
"8720",184
"8721",208
"8722",181
"8723",199
"8724",189
"8725",209
"8726",182
"8727",169
"8728",210
"8729",200
"8730",201
"8731",194
"8732",203
"8733",205
"8734",209
"8735",189
"8736",200
"8737",185
"8738",208
"8739",196
"8740",201
"8741",203
"8742",185
"8743",229
"8744",192
"8745",211
"8746",186
"8747",205
"8748",221
"8749",172
"8750",216
"8751",202
"8752",193
"8753",193
"8754",188
"8755",196
"8756",197
"8757",224
"8758",219
"8759",185
"8760",207
"8761",195
"8762",223
"8763",216
"8764",198
"8765",207
"8766",185
"8767",192
"8768",197
"8769",203
"8770",206
"8771",201
"8772",196
"8773",213
"8774",183
"8775",195
"8776",213
"8777",210
"8778",193
"8779",212
"8780",186
"8781",190
"8782",204
"8783",205
"8784",178
"8785",192
"8786",213
"8787",190
"8788",203
"8789",191
"8790",206
"8791",190
"8792",201
"8793",195
"8794",204
"8795",206
"8796",190
"8797",195
"8798",211
"8799",211
"8800",210
"8801",178
"8802",202
"8803",206
"8804",193
"8805",211
"8806",228
"8807",192
"8808",186
"8809",178
"8810",200
"8811",208
"8812",207
"8813",192
"8814",189
"8815",196
"8816",202
"8817",220
"8818",213
"8819",228
"8820",212
"8821",205
"8822",189
"8823",199
"8824",208
"8825",182
"8826",205
"8827",180
"8828",216
"8829",194
"8830",205
"8831",203
"8832",183
"8833",212
"8834",213
"8835",200
"8836",202
"8837",196
"8838",204
"8839",191
"8840",192
"8841",198
"8842",209
"8843",214
"8844",190
"8845",186
"8846",218
"8847",214
"8848",226
"8849",212
"8850",219
"8851",202
"8852",195
"8853",210
"8854",188
"8855",192
"8856",210
"8857",187
"8858",229
"8859",209
"8860",180
"8861",206
"8862",195
"8863",212
"8864",211
"8865",185
"8866",231
"8867",197
"8868",190
"8869",199
"8870",213
"8871",181
"8872",195
"8873",225
"8874",212
"8875",218
"8876",217
"8877",204
"8878",186
"8879",218
"8880",205
"8881",190
"8882",190
"8883",199
"8884",228
"8885",240
"8886",201
"8887",189
"8888",209
"8889",195
"8890",180
"8891",210
"8892",183
"8893",218
"8894",216
"8895",198
"8896",215
"8897",208
"8898",212
"8899",189
"8900",205
"8901",209
"8902",195
"8903",206
"8904",172
"8905",210
"8906",204
"8907",193
"8908",221
"8909",197
"8910",181
"8911",201
"8912",224
"8913",212
"8914",204
"8915",188
"8916",199
"8917",208
"8918",228
"8919",218
"8920",193
"8921",173
"8922",215
"8923",221
"8924",204
"8925",185
"8926",212
"8927",181
"8928",185
"8929",190
"8930",198
"8931",198
"8932",209
"8933",187
"8934",208
"8935",203
"8936",207
"8937",223
"8938",228
"8939",169
"8940",204
"8941",200
"8942",194
"8943",204
"8944",211
"8945",200
"8946",200
"8947",192
"8948",203
"8949",204
"8950",186
"8951",200
"8952",208
"8953",196
"8954",202
"8955",214
"8956",196
"8957",184
"8958",180
"8959",200
"8960",223
"8961",187
"8962",209
"8963",172
"8964",207
"8965",209
"8966",221
"8967",206
"8968",219
"8969",221
"8970",198
"8971",229
"8972",219
"8973",222
"8974",222
"8975",187
"8976",188
"8977",235
"8978",190
"8979",198
"8980",222
"8981",243
"8982",193
"8983",228
"8984",208
"8985",194
"8986",175
"8987",203
"8988",190
"8989",186
"8990",214
"8991",181
"8992",209
"8993",208
"8994",192
"8995",181
"8996",210
"8997",211
"8998",208
"8999",196
"9000",185
"9001",218
"9002",213
"9003",231
"9004",192
"9005",196
"9006",200
"9007",205
"9008",201
"9009",202
"9010",175
"9011",203
"9012",186
"9013",184
"9014",205
"9015",191
"9016",196
"9017",198
"9018",191
"9019",185
"9020",218
"9021",178
"9022",215
"9023",202
"9024",211
"9025",188
"9026",225
"9027",196
"9028",220
"9029",212
"9030",207
"9031",192
"9032",187
"9033",209
"9034",196
"9035",217
"9036",207
"9037",181
"9038",200
"9039",222
"9040",201
"9041",209
"9042",183
"9043",217
"9044",203
"9045",184
"9046",206
"9047",186
"9048",199
"9049",197
"9050",186
"9051",168
"9052",208
"9053",208
"9054",201
"9055",186
"9056",205
"9057",199
"9058",209
"9059",183
"9060",182
"9061",192
"9062",202
"9063",214
"9064",191
"9065",194
"9066",185
"9067",163
"9068",176
"9069",216
"9070",215
"9071",198
"9072",152
"9073",174
"9074",186
"9075",218
"9076",196
"9077",209
"9078",217
"9079",182
"9080",213
"9081",208
"9082",192
"9083",189
"9084",194
"9085",210
"9086",209
"9087",209
"9088",175
"9089",181
"9090",184
"9091",200
"9092",216
"9093",214
"9094",191
"9095",202
"9096",184
"9097",208
"9098",182
"9099",187
"9100",177
"9101",193
"9102",202
"9103",191
"9104",186
"9105",194
"9106",212
"9107",192
"9108",190
"9109",213
"9110",193
"9111",200
"9112",239
"9113",196
"9114",189
"9115",178
"9116",206
"9117",234
"9118",196
"9119",193
"9120",194
"9121",216
"9122",217
"9123",210
"9124",207
"9125",203
"9126",191
"9127",190
"9128",193
"9129",214
"9130",177
"9131",209
"9132",213
"9133",185
"9134",209
"9135",207
"9136",189
"9137",187
"9138",198
"9139",174
"9140",186
"9141",181
"9142",196
"9143",204
"9144",205
"9145",213
"9146",225
"9147",206
"9148",209
"9149",224
"9150",223
"9151",177
"9152",176
"9153",194
"9154",202
"9155",204
"9156",203
"9157",213
"9158",206
"9159",194
"9160",198
"9161",201
"9162",194
"9163",195
"9164",197
"9165",195
"9166",195
"9167",217
"9168",203
"9169",211
"9170",195
"9171",199
"9172",222
"9173",191
"9174",191
"9175",195
"9176",185
"9177",209
"9178",214
"9179",188
"9180",228
"9181",220
"9182",165
"9183",204
"9184",206
"9185",211
"9186",192
"9187",183
"9188",206
"9189",184
"9190",198
"9191",210
"9192",202
"9193",169
"9194",194
"9195",170
"9196",182
"9197",202
"9198",223
"9199",233
"9200",218
"9201",201
"9202",211
"9203",199
"9204",183
"9205",194
"9206",210
"9207",201
"9208",192
"9209",197
"9210",206
"9211",210
"9212",165
"9213",183
"9214",200
"9215",203
"9216",191
"9217",201
"9218",197
"9219",195
"9220",190
"9221",202
"9222",206
"9223",186
"9224",185
"9225",195
"9226",207
"9227",180
"9228",194
"9229",220
"9230",209
"9231",212
"9232",179
"9233",189
"9234",198
"9235",191
"9236",192
"9237",189
"9238",190
"9239",223
"9240",197
"9241",180
"9242",213
"9243",190
"9244",163
"9245",185
"9246",200
"9247",199
"9248",180
"9249",213
"9250",196
"9251",216
"9252",179
"9253",209
"9254",190
"9255",197
"9256",195
"9257",212
"9258",193
"9259",195
"9260",202
"9261",218
"9262",187
"9263",201
"9264",201
"9265",184
"9266",202
"9267",232
"9268",165
"9269",184
"9270",188
"9271",238
"9272",217
"9273",165
"9274",206
"9275",193
"9276",248
"9277",192
"9278",187
"9279",202
"9280",207
"9281",180
"9282",201
"9283",187
"9284",213
"9285",217
"9286",189
"9287",194
"9288",205
"9289",181
"9290",195
"9291",188
"9292",189
"9293",215
"9294",185
"9295",191
"9296",200
"9297",187
"9298",203
"9299",206
"9300",175
"9301",208
"9302",196
"9303",192
"9304",212
"9305",203
"9306",186
"9307",185
"9308",172
"9309",202
"9310",221
"9311",204
"9312",200
"9313",215
"9314",199
"9315",191
"9316",217
"9317",216
"9318",208
"9319",198
"9320",195
"9321",176
"9322",199
"9323",218
"9324",215
"9325",192
"9326",209
"9327",197
"9328",184
"9329",194
"9330",188
"9331",185
"9332",177
"9333",215
"9334",192
"9335",193
"9336",221
"9337",204
"9338",211
"9339",195
"9340",180
"9341",199
"9342",171
"9343",212
"9344",196
"9345",208
"9346",209
"9347",218
"9348",193
"9349",220
"9350",188
"9351",186
"9352",191
"9353",181
"9354",200
"9355",198
"9356",203
"9357",211
"9358",207
"9359",198
"9360",187
"9361",189
"9362",203
"9363",223
"9364",194
"9365",198
"9366",187
"9367",210
"9368",211
"9369",194
"9370",197
"9371",182
"9372",191
"9373",191
"9374",199
"9375",207
"9376",217
"9377",209
"9378",179
"9379",193
"9380",210
"9381",227
"9382",180
"9383",208
"9384",203
"9385",183
"9386",222
"9387",193
"9388",195
"9389",195
"9390",211
"9391",208
"9392",192
"9393",186
"9394",219
"9395",194
"9396",220
"9397",198
"9398",194
"9399",203
"9400",211
"9401",191
"9402",219
"9403",211
"9404",210
"9405",191
"9406",178
"9407",191
"9408",204
"9409",212
"9410",210
"9411",175
"9412",194
"9413",199
"9414",222
"9415",184
"9416",181
"9417",200
"9418",190
"9419",190
"9420",214
"9421",215
"9422",200
"9423",183
"9424",200
"9425",188
"9426",218
"9427",210
"9428",206
"9429",218
"9430",188
"9431",175
"9432",179
"9433",222
"9434",193
"9435",212
"9436",174
"9437",179
"9438",207
"9439",196
"9440",198
"9441",194
"9442",198
"9443",198
"9444",199
"9445",192
"9446",195
"9447",198
"9448",205
"9449",216
"9450",215
"9451",197
"9452",206
"9453",206
"9454",190
"9455",188
"9456",210
"9457",184
"9458",179
"9459",197
"9460",208
"9461",206
"9462",204
"9463",203
"9464",201
"9465",200
"9466",210
"9467",224
"9468",191
"9469",176
"9470",222
"9471",176
"9472",226
"9473",199
"9474",219
"9475",188
"9476",186
"9477",191
"9478",213
"9479",204
"9480",196
"9481",195
"9482",213
"9483",209
"9484",188
"9485",206
"9486",174
"9487",173
"9488",199
"9489",208
"9490",190
"9491",182
"9492",204
"9493",207
"9494",208
"9495",189
"9496",193
"9497",201
"9498",209
"9499",217
"9500",216
"9501",193
"9502",182
"9503",199
"9504",200
"9505",205
"9506",179
"9507",199
"9508",170
"9509",169
"9510",189
"9511",202
"9512",192
"9513",179
"9514",216
"9515",192
"9516",185
"9517",218
"9518",196
"9519",202
"9520",180
"9521",193
"9522",182
"9523",205
"9524",189
"9525",179
"9526",199
"9527",222
"9528",177
"9529",213
"9530",191
"9531",208
"9532",204
"9533",222
"9534",179
"9535",217
"9536",203
"9537",212
"9538",176
"9539",198
"9540",215
"9541",168
"9542",190
"9543",185
"9544",182
"9545",176
"9546",217
"9547",210
"9548",193
"9549",199
"9550",216
"9551",205
"9552",190
"9553",185
"9554",175
"9555",192
"9556",208
"9557",203
"9558",187
"9559",203
"9560",175
"9561",203
"9562",190
"9563",192
"9564",201
"9565",193
"9566",185
"9567",182
"9568",222
"9569",214
"9570",174
"9571",214
"9572",240
"9573",198
"9574",214
"9575",214
"9576",190
"9577",231
"9578",239
"9579",212
"9580",209
"9581",202
"9582",192
"9583",190
"9584",188
"9585",188
"9586",213
"9587",198
"9588",208
"9589",215
"9590",209
"9591",227
"9592",202
"9593",194
"9594",208
"9595",200
"9596",201
"9597",196
"9598",201
"9599",200
"9600",195
"9601",195
"9602",173
"9603",215
"9604",174
"9605",196
"9606",194
"9607",224
"9608",200
"9609",214
"9610",203
"9611",195
"9612",198
"9613",182
"9614",210
"9615",210
"9616",185
"9617",195
"9618",213
"9619",208
"9620",188
"9621",206
"9622",202
"9623",206
"9624",208
"9625",204
"9626",232
"9627",181
"9628",223
"9629",196
"9630",184
"9631",174
"9632",184
"9633",206
"9634",212
"9635",189
"9636",161
"9637",199
"9638",219
"9639",207
"9640",168
"9641",199
"9642",200
"9643",214
"9644",214
"9645",207
"9646",192
"9647",196
"9648",205
"9649",214
"9650",185
"9651",195
"9652",154
"9653",205
"9654",202
"9655",197
"9656",188
"9657",208
"9658",210
"9659",208
"9660",226
"9661",207
"9662",211
"9663",212
"9664",190
"9665",210
"9666",225
"9667",205
"9668",201
"9669",192
"9670",193
"9671",195
"9672",206
"9673",215
"9674",198
"9675",225
"9676",226
"9677",205
"9678",175
"9679",202
"9680",215
"9681",191
"9682",208
"9683",192
"9684",193
"9685",219
"9686",198
"9687",189
"9688",194
"9689",192
"9690",191
"9691",197
"9692",201
"9693",209
"9694",202
"9695",216
"9696",192
"9697",215
"9698",223
"9699",208
"9700",178
"9701",203
"9702",198
"9703",211
"9704",200
"9705",193
"9706",178
"9707",198
"9708",191
"9709",205
"9710",207
"9711",209
"9712",222
"9713",235
"9714",214
"9715",193
"9716",206
"9717",203
"9718",197
"9719",187
"9720",210
"9721",192
"9722",163
"9723",225
"9724",170
"9725",208
"9726",225
"9727",201
"9728",194
"9729",216
"9730",181
"9731",186
"9732",182
"9733",186
"9734",199
"9735",207
"9736",187
"9737",201
"9738",224
"9739",206
"9740",199
"9741",199
"9742",209
"9743",208
"9744",199
"9745",203
"9746",178
"9747",190
"9748",218
"9749",209
"9750",192
"9751",207
"9752",194
"9753",177
"9754",197
"9755",200
"9756",213
"9757",191
"9758",176
"9759",187
"9760",194
"9761",205
"9762",210
"9763",202
"9764",231
"9765",196
"9766",216
"9767",173
"9768",209
"9769",202
"9770",204
"9771",224
"9772",187
"9773",195
"9774",203
"9775",200
"9776",210
"9777",198
"9778",184
"9779",209
"9780",216
"9781",230
"9782",185
"9783",203
"9784",208
"9785",212
"9786",199
"9787",176
"9788",189
"9789",223
"9790",186
"9791",218
"9792",195
"9793",213
"9794",199
"9795",191
"9796",189
"9797",217
"9798",210
"9799",187
"9800",202
"9801",184
"9802",172
"9803",196
"9804",187
"9805",205
"9806",196
"9807",222
"9808",189
"9809",193
"9810",202
"9811",185
"9812",197
"9813",185
"9814",194
"9815",210
"9816",233
"9817",211
"9818",206
"9819",209
"9820",174
"9821",201
"9822",213
"9823",234
"9824",191
"9825",199
"9826",205
"9827",203
"9828",180
"9829",223
"9830",206
"9831",220
"9832",200
"9833",199
"9834",183
"9835",206
"9836",190
"9837",193
"9838",191
"9839",207
"9840",228
"9841",187
"9842",211
"9843",196
"9844",209
"9845",194
"9846",218
"9847",213
"9848",213
"9849",215
"9850",188
"9851",195
"9852",202
"9853",182
"9854",210
"9855",198
"9856",221
"9857",200
"9858",206
"9859",194
"9860",218
"9861",186
"9862",210
"9863",194
"9864",209
"9865",217
"9866",182
"9867",199
"9868",204
"9869",205
"9870",194
"9871",195
"9872",195
"9873",181
"9874",223
"9875",185
"9876",180
"9877",173
"9878",212
"9879",207
"9880",208
"9881",202
"9882",206
"9883",211
"9884",190
"9885",215
"9886",231
"9887",196
"9888",201
"9889",209
"9890",181
"9891",193
"9892",191
"9893",195
"9894",225
"9895",207
"9896",208
"9897",215
"9898",177
"9899",176
"9900",200
"9901",222
"9902",205
"9903",212
"9904",193
"9905",200
"9906",193
"9907",214
"9908",191
"9909",210
"9910",206
"9911",196
"9912",217
"9913",213
"9914",207
"9915",207
"9916",224
"9917",181
"9918",197
"9919",202
"9920",191
"9921",174
"9922",201
"9923",231
"9924",200
"9925",220
"9926",200
"9927",196
"9928",209
"9929",224
"9930",222
"9931",186
"9932",206
"9933",224
"9934",203
"9935",216
"9936",198
"9937",205
"9938",174
"9939",206
"9940",215
"9941",211
"9942",192
"9943",212
"9944",209
"9945",211
"9946",191
"9947",216
"9948",185
"9949",198
"9950",221
"9951",201
"9952",204
"9953",194
"9954",205
"9955",204
"9956",184
"9957",209
"9958",200
"9959",225
"9960",204
"9961",199
"9962",184
"9963",189
"9964",204
"9965",202
"9966",208
"9967",181
"9968",215
"9969",203
"9970",192
"9971",209
"9972",210
"9973",206
"9974",195
"9975",183
"9976",227
"9977",199
"9978",199
"9979",183
"9980",224
"9981",197
"9982",209
"9983",180
"9984",191
"9985",184
"9986",199
"9987",215
"9988",206
"9989",194
"9990",190
"9991",186
"9992",212
"9993",189
"9994",185
"9995",215
"9996",195
"9997",183
"9998",197
"9999",192
"10000",214
